sequence,μM,label,p_hemolysis,pred_label
GLPALISWIKRKRL,596.7,0,0.09125423067091422,0
IVPFLLGMVPKLVCLITKKC,7.0,1,0.008021261120957373,0
KLKLKLKLKLKLKLKLKLKLKLKLKL,0.3,1,0.04032977162313353,0
ILPILSLIGGLL,180.0,0,0.0060941221547542385,0
CVKVRVKVGSGVKVRVKVC,590.0,0,0.6199003168414472,1
SLWENFKNAGKKFILNILDKIR,128.0,0,0.02863966857069906,0
GLFDVIKKVLKKIGGL,22.0,1,0.19586560408860504,0
FLQHIIGALSHFF,50.0,1,0.7789382139265804,1
FIHHIIGGLFSAGKAEHRLIRRRRR,50.1,1,0.9421627291729724,1
GLMDTIKGVAKTVAASWLDKLKCKITGC,101.0,0,0.017516442224512048,0
FLPLIGRVLSGIL,120.0,0,0.0030082629699926347,0
ILPILGNLLNGLL,300.0,0,0.003074151486798694,0
HIFKKVKTYWKKLFRILGRF,15.9,1,0.9239843135918931,1
FIGTLIPLALGALTKLFK,10.0,1,0.8434449173564518,1
MWSKILGHLIR,200.0,0,0.6298177910862621,1
IPCGESCVWIPCISGMFGCSCKDKVCYS,13.3,1,0.008305120387975968,0
ILGKLLKTAAKLLSNL,38.0,1,0.09284984084266024,0
FLPIVAKLLSGLLGRKKRRQRRR,44.65,1,0.05997361339797076,0
SLFSIFKTAAKFVGKNLLKQAGKAGLETLACKAKNEC,75.0,1,0.06936548462594595,0
FAKLFAKLAKKFAL,616.9,0,0.9754161504025491,1
RLIKRLKTFVRKTWKWVGHF,94.2,1,0.62467014109081,1
GLPVCGETCTLGTCYTQGCTCSWPICKRN,55.3,1,0.002656077209132934,0
GWKKWFTKGERLSQRHFA,113.3,0,0.6586812416220423,1
ILPFKFPFFPFRR,115.1,0,0.9301863128142788,1
IFWLFRGKADVAL,64.0,1,0.9080465028390629,1
KFKKFKKFKKFKKFKKFK,205.3,0,0.07544416529355784,0
HRIRQLKTTIKKFWEIWPKI,200.0,0,0.8139503579349345,1
KLKKLLKKWLKLLKKLLK,14.0,1,0.04518046162396322,0
KIAKGALKALKIAKVALKAL,29.7,1,0.7393802618822367,1
KLWKKIEKLIKKLLTSIR ,235.9,0,0.3648347778416503,0
KIAGKIAKIAGKIA,181.9,0,0.13869869855275146,0
AKRHHGYKRKFHAKRHHGYKRKFHAKRHHGYKRKFH,123.1,0,0.0159650011455,0
GLLSLSLLGKLL,50.0,1,0.004262679139403179,0
GIPCAESCVWIPCTITALMGCSCKNNVCYNN,25.0,1,0.020468408822350754,0
FLPAIAGVAAKFLPKIFCAITKKC,85.0,1,0.041479479808965436,0
GLLSGILGAGKNIVCGLSGLC,295.0,0,0.0021162032081823976,0
IKPFKKPFKPFRR,116.7,0,0.9256249280800075,1
VRRFPWWAPFLRR,65.0,1,0.27393515018670633,0
RRRWWWWA,200.0,0,0.012066895594826887,0
FLPLLLAGLPKFLCLVFKKC,29.1,1,0.016864184047085985,0
RALRKALKAWRKLAKKLQ,300.0,0,0.5202029310591223,1
GLWSKIKKAAKTAGKAALGFVNKMV,107.0,0,0.014944378189071652,0
INQKKIASIGKEV,100.0,1,0.00332286919112709,0
AGTKEWLNKAKDFIKEKGLGMLRAAANAALN,150.0,0,0.9121303278551007,1
AVGIGALFLGFLGAAGSTMGARS,40.0,1,0.0049818676613190395,0
GIGHFLHKVKSFGKSWIGEIMNS,82.0,1,0.012575562059919759,0
KALAKALAKLWKALAKAA,10.0,1,0.9791949579143185,1
KFLGTLVNLAKKIL,500.0,0,0.03335999888824587,0
LPFFLLSLIPSAISAIKKI,9.1,1,0.7755964971115153,1
GIWDTIKSMGKVFAGLILQNL,18.0,1,0.0172219315603016,0
GLFGKILGVGKKVLCGLSGMC,40.0,1,0.0290340679930755,0
HFLKTLVNLAKKIL,42.0,1,0.13308536879528782,0
LLKKLLKKLLKKLLKK,19.0,1,0.20238595021337166,0
GILKTIKSIASKLKRKAK,923.0,0,0.07947349850744426,0
GLSSLGKLL,300.0,0,0.004589980167888161,0
FPVTWPTKWWEG,320.7,0,0.019764299953918495,0
KFAKKFKWFAKAAFKFFKK,80.5,1,0.8512551155662524,1
GKLGPLLKIAAKVGSNLL,800.0,0,0.03301810042901369,0
ASVVKKLTKGVAKLLK,128.0,0,0.6052362370968956,1
GVVVRVPRVVVRWVRR,128.0,0,0.146028214572123,0
ALWKTLLKKV,50.0,1,0.10718326252565544,0
LALKSGGWLRLFGLKDKKH,92.0,1,0.2935208479778457,0
GFGSFLGSLFKTGLKIIPKLLPSIQQ,30.0,1,0.004516094721124369,0
FLSLIPHIVSGVASLAKHF,25.0,1,0.004690549890799996,0
ALHKTMLKKLGTMAL,101.0,0,0.2469358909077078,0
LCYCRRRFCFCV,51.1,1,0.35649425105239413,0
IIKKIIKKIIKKI,256.0,0,0.990619387691295,1
GILDSFKGVAKGVAKDLAGKLLDKLKCKITGC,101.0,0,0.07534377367766859,0
GKIIKLKASLKLL,344.8,0,0.3571826607223346,0
GVPCGESCVFIPCITGVIGCSCSSNVCYLN,9.3,1,0.004847722148663073,0
KFFRKLKKSVKKRAKEFFKKPRVIGVSIPF,87.4,1,0.009059561330780877,0
WCRRYRVLVRGVLVRYRRCW,66.0,1,0.7943849706882589,1
FIKRIARLLRKIF,53.1,1,0.990638773718549,1
GIIKKIIKKIIKK,512.0,0,0.9732400810460197,1
ILPWKWPCWPCRR,21.2,1,0.16055592984083086,0
VNWKKILGKIIKVVK,200.0,0,0.7311328515800584,1
GFKRIVQRIKDFLRNLV,160.0,0,0.331560000939254,0
GFSSIFRGVAKFASKGLGKDLAKLGVDLVA,200.0,0,0.006208593407095743,0
GYPICGESCVGGICNIPGCSCSWPVCTTN,225.9,0,0.002115952789695975,0
FPVTWRWWTWWKG,268.7,0,0.260080485341481,0
KLKLKLKL,253.7,0,0.6458009711156562,1
FAKLLAKLAKAKA,715.3,0,0.8865767835905862,1
ISLNPPRSTIAMRAINNYRWRSKNQNTFLR,10.5,1,0.13764872782296797,0
GIGAVLKVLTTGLPALISWIKRKRQQ,0.6,1,0.22037223552252408,0
LIGLVSKGTSVLVKTVSKKVLKQ,15.0,1,0.032636440555290726,0
FAKKLAKALL,886.5,0,0.9805282655824199,1
KQIKIWFQNKKMKWKK,128.0,0,0.022356339093443207,0
GFLSILKKVL,101.0,0,0.944113543241073,1
LNLKALLAVAKKIL,40.11,1,0.012163320177780075,0
LLIILRRRWRRQARARSR,94.0,1,0.3911708778296203,0
GFLGPLLKLGLKGVAKVIPHLIPSRQQ,50.0,1,0.0033567203970873635,0
FDIMGLIKKVAGAL,200.0,0,0.2389578335206209,0
FFHHIFRGIVHVGKKIHRLVTG,46.0,1,0.009728485109518398,0
KVLKAAA,101.0,0,0.6217250015675282,1
QSHLSLCRWCCNCCHNKGCGFCCKF,34.71,1,0.20391334035083486,0
FLPVILPVIGKLLSGIL,50.0,1,0.0691566957488117,0
AQWFAIQHISLNPPRSTIAMRAINNYRWRSKNQNTFLR,10.5,1,0.41536252468903295,0
KFGKIVGKVLKQLKKVSAVAKVAMKKG,275.5,0,0.12535882306238016,0
FAKLLAKLAKLKL,404.9,0,0.49752908109568394,0
FKAFKAFKAFKAFKAFKAFKAFKAFKAFKA,143.8,0,0.6398699014950704,1
GSKRWRKFEKRVKKIFEETKEALPVVQGVVGVATAVGRK,112.7,0,0.014141088251035449,0
IFGTILGFLKGL,64.0,1,0.022188049503148434,0
GMWSKILGKLIR,143.0,0,0.10535770871260952,0
WRWLRRIW,100.0,1,0.9748226347778364,1
GLFGKLIKKKGRKAISYAVKKARGKH,36.0,1,0.006496215789237647,0
LLKKLLKK,495.5,0,0.7514595643276755,1
GLKKIFKKGLGSLVKGIAAHVAS,400.0,0,0.005233810555673748,0
RWCRRYRVRVRGVLVYAYVCW,80.0,1,0.33715158228977254,0
VNFKKLLGKLLKVVK,200.0,0,0.4427544122731676,0
LLPALISWIKRKRQQ,533.3,0,0.7262477975317869,1
LKIPGFVKDTLKKVAKGIFSAVAGAMTPS,300.0,0,0.0026765311038075327,0
FLGAIAAALPHVINAVTNAL,120.0,0,0.3094580111377204,0
SMLSVLKNLGKVGLGFVA,200.0,0,0.0091777380708459,0
FFGKVLKLIRKIF,19.6,1,0.1742007430622155,0
KIAKIAGKIAKIAGKIAKIAGKIA,2.9,1,0.908101528380222,1
LFGMALKLLKKVL,53.0,1,0.012567281240319939,0
GLKALKKVFKGIHKAIKLINKHVQ,180.0,0,0.034192180934924536,0
FLGFLHHLF,175.9,0,0.4847824854888582,0
GLFTLIKGAAKLIGKTVAKEAGKTGLELMACKITNQC,100.0,1,0.04446618437028434,0
GYCFTACYRRNGARICYRRCN,100.0,1,0.05075103733590317,0
LKKLLKKLLKKLLKKLLKKLLKKLLKKLLKKL,2.1,1,0.014911170564976756,0
FLPMLAGLAASMVPKLVCLITKKC,5.0,1,0.01645985422920554,0
IIKKFLHSIWKFGKAFVGEIMNI,16.0,1,0.03165402763117732,0
VNWKKILGKIIKVAK,200.0,0,0.30033564289135467,0
ILGKLLSTAAKLLSNL,24.0,1,0.011505456004191237,0
FLPILAGLAAKIVPKLFCLATKKC,5.0,1,0.020722292840014096,0
GFMKYIGPLIPHAVKAISKLI,120.0,0,0.008919451395088807,0
ILGTILGLLKGL,64.0,1,0.5398419140461246,1
GKWMSKLKHILK,200.0,0,0.012198387831457881,0
ALWMTLLKKVLKAAAKAALN,5.0,1,0.2545776225443134,0
ALWKTLLKKVLKAAAK,57.2,1,0.7892228912791729,1
RGGRLCYCRPRFCVCVGR,38.1,1,0.8175360865445137,1
IKKIIKKIIK,1000.0,0,0.9838941880283582,1
VNRKKILGKSIKVVK,100.0,1,0.655126277714847,1
GLMSLFRGVLKTAGKHIFKNVGGSLLDQAKCKITGEC,65.0,1,0.007071186449405145,0
FWGAAAKMLGKALPGLISMFQKN,48.3,1,0.02161442113550944,0
LRIIRRILRRLI,125.0,0,0.9912345425736285,1
SFLTTVKKLVTNLAAL,178.0,0,0.6378493032687164,1
FFFLRRIF,200.0,0,0.877452050249133,1
GVSKILHSAGKFGKAFLGEIMKS,200.0,0,0.015494577531073625,0
FALALKALKKLLKKLKKLAKKAL,3.8,1,0.038872097712879916,0
FVKLKKIANIINSIFKK,1000.0,0,0.634093048849773,1
KLKLLLLKLK,146.0,0,0.9269196706419898,1
GIWDTIKSMGKVFAGKIKQNL,200.0,0,0.013564862213401103,0
KLKLLLKLGLKLL,50.0,1,0.7433678094280678,1
GFFGKRKEYFKKFGASFKRRFANLKKRL,36.0,1,0.4551343968803739,0
GLLKRIATLL,117.5,0,0.9809511990329216,1
FALAKLAKKAKAKLKKALKAL,39.5,1,0.26459386436991095,0
IKKIVSKIKKLLK,1000.0,0,0.940226530186437,1
VRRFPWYWPFLRR,65.0,1,0.9208637366913844,1
GVIIKTLKGAAKTVAAKLL,1000.0,0,0.9526050656484661,1
GLLSLSLGKLL,300.0,0,0.06250757639714065,0
WRRFWHR,500.0,0,0.8306844455180904,1
IWRIFRRIFRIF,19.6,1,0.8029797103975584,1
GTGLPMSERRKIMLMMR,200.0,0,0.3008319910876908,0
KLYKKFRHILKKVWHYVGKI,28.8,1,0.07320213062503904,0
SKVLRHLRRFLHRAHRKL,460.78,0,0.06589887274471189,0
LKLGTLVNLAKKIL,500.0,0,0.004681585333856752,0
GLFDVIRKVASVIGGL,19.5,1,0.00430797341900248,0
FLGALWRVAKSVF,12.5,1,0.01264976217977471,0
RLYRRLYRK,1000.0,0,0.008040004207066798,0
RKKRRQRRRLNLKALLAVAKKIL,77.94,1,0.010985775831486804,0
GRFKRFRKKFKKLFKKLSPVIPLLHLG,250.0,0,0.007027773592773146,0
FAKKLAKKLAKLAL,446.4,0,0.5546708652095644,1
VKKFPWWWPFLKK,551.0,0,0.8902790147093549,1
LWKIGKKIWRVLWNWR,7.3,1,0.9083582346253454,1
LKMLGMLFHNIRNILKTV,128.0,0,0.6288752615488521,1
FAKLLAKAFKKAL,678.4,0,0.48150973250056167,0
GLFDIWKWWRWRR,129.5,0,0.9104022125045571,1
INWKSIFEKVKNLV,101.0,0,0.0035019982420870857,0
KLLGPLLKIAAKVGSNLL,400.0,0,0.01315305992635588,0
CWKWKWKWGSGWKWKWKWC,45.0,1,0.05626243858635216,0
GLLSVLKGVLKTAGKHIFKNVGGSLLDQAKCKISGEC,80.0,1,0.006231994573030726,0
RQIRIWFQNRRMRWRR,128.0,0,0.1454932807596922,0
FAKKLAKKLAKAAL,655.3,0,0.9230372677931197,1
LKLKLKLKL,129.2,0,0.7855755598123256,1
GLKALKKVFKGIHKAIKLINNHVQ,330.0,0,0.009732853102840656,0
GIGKFLHSAKKFGKAFVGEIMNS,17.0,1,0.020732509811120296,0
KWRRWVRWI,289.0,0,0.9726233524301964,1
FAKKLAKKLAKAL,687.3,0,0.35488516891209865,0
IKKIWSKIKKLLK,500.0,0,0.9803494319368946,1
GLLTRIKTLL,500.0,0,0.9849938974570905,1
GWLDVAKKKGKAAFNVAKNFI,270.0,0,0.012216555104682886,0
GLVGTLLGHIGKAILS,166.3,0,0.0027324225108890945,0
GLWKKIKNVAKAAGKAAKGAL,834.6,0,0.028378893275971234,0
IWLTALKFLGKHAAKHLAKQQLSKL,125.0,0,0.6677923504182002,1
GMWKKILGHLIR,93.0,1,0.6365052646299849,1
RWQWRWQWR,101.0,0,0.552898994869101,1
GLGSLLGKAFKFGLKTVGKMMGGAPREE,105.0,0,0.0030852232197398233,0
VRRFPWYYPFLRR,65.0,1,0.812384626855464,1
FLREFHKWIERVVGWLGKVF,128.0,0,0.029069517759157892,0
GILSSIKGVAKGVAKNVAAQLLDTLKCKITGC,101.0,0,0.879407704190398,1
FFHHIFRPIVHVGKTIHRLVTG,200.3,0,0.006304853514817234,0
FWGKLWEGVKNAI,101.0,0,0.3056351140616572,0
HFLGTLVKLAKKIL,38.0,1,0.016153031855637497,0
CVKVKVKVGSGVKVKVKVC,880.0,0,0.7869767383328296,1
SFLTTVKKLVTNLAALAGTVIDTIKCKVTGGCRT,16.11,1,0.1881800063499036,0
FAKKLKKLAKLAKKL,513.4,0,0.946318683820311,1
GIWKKWIKKWLNVLKNLF,24.7,1,0.8834848995375852,1
GLFDIIKKIAESF,128.0,0,0.4348436055606326,0
RFGRFLRKILRFLLK,12.6,1,0.03704357688832717,0
WCYCRRRFCVCVGR,44.3,1,0.017218396536629092,0
FLKGIKGMLGKLF,590.0,0,0.08900025588218893,0
RLYRKVYG,1000.0,0,0.24843265191459057,0
FFHHIFRGIVHVGKTIHRLVTG,11.0,1,0.004945715390679308,0
GKWKSLLKHILK,200.0,0,0.07643268147728036,0
WKRIVRRIKRWLR,256.0,0,0.922607793673869,1
FLPFLLSALPKVFCFFSKKC,3.0,1,0.12473159114961352,0
GLLRASSVWGRKYYVDLAGCAKA,500.0,0,0.0649104840568111,0
IKKILSKIKKLL,550.0,0,0.1572649604513336,0
GVIPCGESCVFIPCISTLLGCSCKNKVCYRN,550.0,0,0.5943694447611805,1
KLSLLLSLGLKLL,25.0,1,0.026754076507371116,0
FLKGIVGKLGKLF,530.0,0,0.013734235323578347,0
RGGCLCYCRRRFCVCVCR,798.6,0,0.7961988709301208,1
ALWKTLLKHVGKAAGKAALNAVTDMVNQ,128.0,0,0.015438661245514917,0
KLLKRIKKLL,288.7,0,0.8610120135604461,1
AARRAARRAARR,355.4,0,0.6860162768778519,1
SMLSVLKNLGKVGLGFVACKINKKC,80.0,1,0.009147971815100703,0
RKLRRLKRKIAHKVKKY,101.0,0,0.004058893745828804,0
GLWNTIKEAGKKFAINVLDKIRCGIAGGCKT,75.0,1,0.004407249054084424,0
GLLSALSLLGKLL,6.0,1,0.0939059589363619,0
GLLKKIKWLL,152.53,0,0.8766463328588847,1
SLWENFKNAGKKFILNILDK,128.0,0,0.030153656133931745,0
KRRLIARILRLAARALVKKR,40.0,1,0.46286741296133355,0
FLQHIIGALGKLF,40.0,1,0.07166037652602728,0
FLPILASLAAKLGPKLFCLVTKKC,4.0,1,0.060395919613274604,0
DLFKQLQRLFLGILYCLYKIW,130.9,0,0.31710797789029227,0
INWSSIFEKVKNLV,101.0,0,0.010130503312452546,0
GEYCGESCYLIPCFTPGCYCVSRQCVNKN,25.0,1,0.005228694362657374,0
VGKVLKQLKKVSAVAKVAMKKGAALLK,356.5,0,0.11375020427334234,0
GIFPIFAKLLGKVIKVASSLISKGRTK,4.0,1,0.0059367156946420665,0
GLKALKKVFQGIHEAIKLINNHVQ,340.0,0,0.009844442571785468,0
IDWKKVDWKKVSKKTCKVMLKACKFL,20.0,1,0.0069936459654324126,0
KLKLKLKLKLKLKLKLKLKL,0.4,1,0.07611043927601573,0
FAKKLAKKLKKLAKKLAK,487.1,0,0.5095726791567959,1
QRIRQLHTWIKKAWHIWPKI,200.0,0,0.9487051571092536,1
FLPIIGKLLSGLL,95.0,1,0.0024807130896608923,0
GKWMSWLKHILK,87.0,1,0.19058679970137937,0
LLAGLAANFLPKIFCKITRKC,32.8,1,0.25146903379210017,0
FLSTLLNVASKVVPTLFCKITKKC,37.5,1,0.00768638473986792,0
ILKWKWPWWPWRR,203.8,0,0.9454767927272044,1
SKHWLWLW,17.3,1,0.16710606301649927,0
ILPWKKPWEPWRR,110.1,0,0.6641077140037087,1
WLWKKIKNVAKAAGKAAKGAL,1000.0,0,0.027983115390885077,0
NLWAGILKHIIK,200.0,0,0.09127948830580179,0
GLLKRIKNLL,319.4,0,0.6509899670193018,1
RGTCYNRVGLIIRNFSKLKGKKV,261.18,0,0.028959244683664294,0
FLPGLIAGIAKML,73.0,1,0.021198917228110934,0
AKKVFKRLEKLFSKIWNWK,397.7,0,0.02041064166084103,0
GFGMALRLLRRVL,72.0,1,0.07722733756405581,0
GIMSSLMKKLAKIIAK,88.0,1,0.13542322988910907,0
KNWKKILGKIIKVVK,200.0,0,0.9398484548444263,1
VKWRWKWKWRWKWKWKV,121.9,0,0.18291984116488008,0
GIMISLMKKLAAHIAK,320.0,0,0.7859864493605591,1
KRFWQLVPLAIKIYRAWKRR,20.0,1,0.9672639481613367,1
GWKDWLNKAKDFIKEKGPEILRAAANAAIN,101.0,0,0.06580210662586594,0
FAKKLAKLAKKALAL,610.1,0,0.9748065750933887,1
IIGAIAAALPHVINAIKNTF,120.0,0,0.2948582709771628,0
GLKKIFKAGLGSLVKGIKAHVAS,400.0,0,0.006137676093138373,0
RGLRRLGRKIAHGVKKYGPTVLRIIRTAT,87.6,1,0.007070920007640755,0
FIHHIIGGLFSVGKHIHSLIHGH,9.8,1,0.006294181289830501,0
KKKLAKLKLGAKLKLKGKLGA,100.0,1,0.028847161492224816,0
IIGGLFSAGKAIHRLIRRRRR,61.4,1,0.7715628537977774,1
MAADIISTIGDLVKLIINTVKKFQK,4.4,1,0.02042139038320909,0
VNWKKILGKIKKVVK,200.0,0,0.6448478398027289,1
FAKLFAKAFKKAL,663.1,0,0.7931504182198774,1
FIHHIIGGLFSAGKARHRLIRRRRR,33.1,1,0.9265508085124801,1
SKVGRHGRRFGHRAHRKL,500.0,0,0.9282696555449365,1
YKLLKWLLLKLKALLEKL,2.8,1,0.7023293318649954,1
LALALALALALALALALALALA,220.4,0,0.23721055510270492,0
IFKAIWSGIKSLF,59.25,1,0.4370113106695392,0
FIGAIARLLSKIF,11.6,1,0.49732835447274404,0
CRWGRWLRKIRRWRPK,5.5,1,0.7660650671466488,1
KNLRRIIRKGIHIIKKYG,101.0,0,0.9221295281314813,1
FLPVLTGLTPSIVPKLVCLLTKKC,150.0,0,0.011699193754826769,0
FASGIAGMAGKLF,101.0,0,0.17160130707653515,0
FWGALAKGALKLIGVSLFSSFSKKD,9.3,1,0.20095038441563032,0
VNWKKVLGKVVKVVK,200.0,0,0.6122297148035856,1
GIKKFLKSAKKFVKAFK,50.0,1,0.28108145505576376,0
GVIKSVLKGVAKTVALGML,280.0,0,0.1943917985061977,0
KLLKLLLKLLLKLLK,0.8,1,0.918624646596055,1
FIGMIPGLIGGLISAIK,30.0,1,0.002850996185428014,0
CKINKQC,200.0,0,0.04794619669539789,0
ILSAIWSGIKSLF,17.0,1,0.8723143128507053,1
FAKLLAKKLL,854.7,0,0.9843736501853897,1
GLPVCGETCVGGTCNTPGCSCSWPVCTRN,31.0,1,0.002512438753606309,0
WKRWVQRWKRFLR,230.0,0,0.13123863624824147,0
FPVTWRWWKWWKG,264.8,0,0.5538089423228009,1
GYCFTACYARNGVRICYRRCN,64.0,1,0.012851505220240641,0
ALWMTLLKKVLKAAAKAALKAVLVGANA,1.2,1,0.06999221699379238,0
INWKKIASIGKEV,101.0,0,0.00334306470452672,0
LLKKVLKAAA,101.0,0,0.49807989481178466,0
INWLKLGKAIIDAL,11.3,1,0.11439843713710615,0
MAQDIISTIGDLVKWIIDTVNKFPKK,75.0,1,0.002268782733527828,0
KRRKLAFRLFRLFLKLVLKK,20.0,1,0.64348968638102,1
RRGCFRVCYRGFCFQRCR,46.0,1,0.10348529591982063,0
ILPILGNLLNSLL,300.0,0,0.005817276527207174,0
GFKDLLKGAKKALVKTVLF,500.0,0,0.5832319259011534,1
GVIDAAKKVVNVLKNLF,138.2,0,0.1932852600267103,0
GFWGKLWEGVKNAI,22.5,1,0.01050691313870338,0
ILGKLLSTAAGLLKNL,55.0,1,0.0987416355248055,0
GIPCGESCVFIPCITGAIGCSCKSKVCYRN,7.1,1,0.1195939397299102,0
FIHHIIGGLFSAGKAIHRHHRRRRR,24.8,1,0.23392405586293608,0
FFHHIFRGIVHVAKTIHRLVTG,4.0,1,0.009297227487177016,0
CKKIGAVLKVLTTGLPALISWIKRKRQQKKC,2.5,1,0.018598714449125576,0
FLPIITNLLGKLL,35.0,1,0.016698589127747732,0
ASVVKWWWKWWWKLLK,8.0,1,0.1122081521686846,0
FSFLSRIF,200.0,0,0.9272671121670392,1
SKVWRHWRRFWHRAHRKK,500.0,0,0.36315495195640174,0
KFKKFKKFKKFKKFKKFKKFK,176.1,0,0.028065362922629365,0
IWLTALKFLGKNLGK,381.4,0,0.9806564798041142,1
GIKDLLKGAAKALVKTVLF,142.0,0,0.1492427031080816,0
FPVTWPTKWWKG,300.0,0,0.2069940049614057,0
RWFRIQLQIRRWRNRR,38.6,1,0.9471210886397387,1
KIALKALKALKALGKALKAL,9.9,1,0.16038484521336818,0
KWCFRVCYRGICYRRCRG,107.1,0,0.8663732410926273,1
GIGKFLHSAGKFGKAFLGEVMKS,200.0,0,0.006463205453259837,0
GILSSLLKKWKKIIAK,400.0,0,0.8986103569716922,1
GLLDFFKGAGKELLTHLASQI,109.5,0,0.9547870599515956,1
GLSLLLSLGLKLL,300.0,0,0.004711262446577523,0
AGGKRIVQRIKDFLRGAGGKRIVQRIKDFLRG,40.0,1,0.02162211568224961,0
FLSLIPKIATGIAALAKHL,23.0,1,0.8204736086118432,1
KNWGKILKHIIK,200.0,0,0.2424500138072855,0
RRRRRR,1000.0,0,0.004898770929729848,0
FWGFLGKLAMKAVPSLIGGNKSSSK,167.4,0,0.005788570537299792,0
FPFLKLSLKIPKSAIKSAIKRL,1000.0,0,0.019860588429961728,0
INWSSIFESVSNLV,101.0,0,0.004792793692705826,0
GALSALKALGKLL,50.0,1,0.004103833881454902,0
RFGRFLRKILRFLKK,109.3,0,0.004134525401783208,0
FAKLLAKLAKKLL,13.2,1,0.6992966774466189,1
SMLSVLKNLGKVGLGFVACKIKKQC,90.0,1,0.014581351704105674,0
LRFIKKILKKLI,125.0,0,0.9748332115732842,1
AGTKDWLNKAKDFIKEKGLGILSAAANAAIN,200.0,0,0.2644608262559155,0
GLFEVIKKVASVIGGL,19.7,1,0.003481085984198945,0
KKYLLPIVGNLLKSLL,31.9,1,0.024457814334494194,0
FAKLLAKLAKAKL,659.7,0,0.29704444713544004,0
RWRWRWRW,100.0,1,0.21699970762384874,0
GLWKKIKNVAKAAGKAALGAL,19.39,1,0.043664605723717206,0
VNWKKSLGKSIKVVK,31.3,1,0.04399792786985721,0
KWCVYAYVKVKGVLVKYKKCW,63.0,1,0.03233741720632444,0
GLLKKLLKIAAKVGKKLL,25.0,1,0.14851715767255974,0
ACYCRRRFCVCVGR,47.3,1,0.015987058457995022,0
SNWKKIASIGKEVLKAL,101.0,0,0.004249824616549681,0
FILYGLIRFGRLLRK,10.0,1,0.961805182846614,1
GKWMKLLKKILK,339.0,0,0.010482694729335254,0
GLPALISWIKRKRQQG,53.3,1,0.5848157699967077,1
GFCGYACYYRNGVRICVRYCN,128.0,0,0.049193998154603874,0
KLFKKLFKKLFK,395.0,0,0.03656667807653531,0
GILNTIKSIASKLKRKAK,640.0,0,0.08655286009964891,0
FLKWALKVAAK,512.0,0,0.9368907585552044,1
FLSSIGKILGNLL,120.0,0,0.018103697224639392,0
FAKKLAKKLKKLAKLALAK,18.7,1,0.46269174289170706,0
KLLKRIKTLL,249.4,0,0.9296524379537436,1
INWKALLDAAKKVL,34.0,1,0.004557539140923877,0
GIPCGESCVWIPCISAALGCSCKNKVCYRN,1000.0,0,0.6748009308101002,1
FLPLKKLRFGLL,134.1,0,0.014767086584892845,0
GLSLLLKLGLKLL,25.0,1,0.01863586314007301,0
LRLRLRLRLRLRLR,263.0,0,0.7587112807691657,1
ALWDTLLKKVLKAAAKAALDAVLVGANA,5.0,1,0.7236063168022101,1
WKIFKLKLRMLW,6.25,1,0.6845784359540508,1
ASVVKKLTKGVAGLLK,128.0,0,0.9110303039522416,1
INWKKIASIGKEVLKAL,80.0,1,0.00511183149074572,0
INWLKLGKMVIDAL,24.18,1,0.004163435385311739,0
GLLSSLGKLL,300.0,0,0.030471509264344648,0
KWCFRVCYRGICYSRCRG,64.0,1,0.7420514037219923,1
PRRRRSSSRP,79.8,1,0.7533414252185425,1
SKWMSLLKHILK,87.0,1,0.0503590477168742,0
VWPLVIRTVIAGYNLYRAIKKK,11.0,1,0.6124721945364136,1
RWGKWFKKATHVGKHVGKAALTAYL,89.0,1,0.013518209539058084,0
GLLSLLSLGLKLL,7.0,1,0.004318761017402309,0
GVGKFLHSAKKFGQALVSEIMKS,200.0,0,0.008662462024167084,0
FFHHIFRGIVHVGKKIHRLVKG,200.0,0,0.01328001095179964,0
RSTEDIIKSISGGGFLNAMNA,116.0,0,0.04278985382127924,0
FKRIVQRILDFLR,260.1,0,0.1268200997502411,0
KFKKFKKFKKFKKFKKFKKFKKFKKFKKFK,123.5,0,0.029124602702723844,0
GMWSKILPHLIR,200.0,0,0.05344935473449457,0
VRRFPYYWPFLRR,65.0,1,0.8245663971898205,1
GLASTIGSLLGKFAKGGAQAFLQPK,160.0,0,0.017623684580025507,0
KALWKTMLKKLGTMAL,101.0,0,0.37317014071418503,0
GIMSSLMKKLKKIIKK,400.0,0,0.27131830656137923,0
IDWKKLLDAAKQIL,0.45,1,0.003956629031838868,0
FAKLWAKLAFGKGIGKVGKKLL,375.3,0,0.015259917281743954,0
FILNILDK,128.0,0,0.6417056774842615,1
FLGALLKIGAKVLPSVLCGIFKKC,16.62,1,0.0594533549716104,0
IFGAILPLALGALKNLIK,18.0,1,0.9767890389328935,1
FLPLIASLAANFVPKIFCKITKKC,75.0,1,0.04456589048340471,0
LLGMIPVAIKAISALSKL,54.8,1,0.13595688896936303,0
GMASKAGSVAGKIAKFALGAL,500.0,0,0.005783198103821541,0
VRRFPFFFPFLRR,552.5,0,0.9011391310865262,1
FLGALWNVFKSVF,6.3,1,0.007181792301467207,0
FSGGNCRGFRRRCFCTK,133.7,0,0.01091815293407488,0
FLPAIAGILSQLF,20.0,1,0.16177375363435662,0
AKRHHGYKRKFHAKRHHGYKRKFH,122.5,0,0.019690263106500128,0
GLLSVLKGVLKTTGKHIFKNVGGSLLDQAKCKISGQC,80.0,1,0.006329077481801791,0
GIMDTLKNLAKTAGKGALQSLLNKASCKLSGQC,100.0,1,0.0744457074688514,0
FAKKLAKLAKKLAKAL,565.9,0,0.8465437525919495,1
YKQCHKKGGKKGSG,300.0,0,0.0031986452158445588,0
GKWMSLLKHIWK,87.0,1,0.21902286740017685,0
ILCWKWPWWCWRR,64.3,1,0.8453762598758112,1
GLLKLIKTLL,11.4,1,0.9830500896563192,1
GMASLLAKVLPHVVKLIK,105.0,0,0.013911968594231707,0
FLGAIAGVAAKFLPKVFCFITKKC,8.0,1,0.014799673877330805,0
KKVLKAAA,101.0,0,0.8808595165548823,1
ALWKTLLKKVLKA,56.2,1,0.029708753358747682,0
LLGMIPLAISAISALSKL,40.0,1,0.5123035328553975,1
GRFKRFRKKFKKLFKKLS,200.0,0,0.8455010117812485,1
KRFKKFFMKLKKSVKKRVMKFFKKPMVIGVTFPF,50.0,1,0.24551997284186827,0
AQWFAIQHISLNPPRSTIAMRAINNYRWR,10.3,1,0.026377539276551936,0
FAKKALKALKKL,722.5,0,0.5138380589244085,1
HFLLTKVNLAKKIL,500.0,0,0.1914703081558619,0
LLLFLLKKRKKRKY,29.1,1,0.005386099777651849,0
DIFGAIWPLALGALKNLIK,5.0,1,0.8862763231183577,1
ALWKTMLKKLGT,101.0,0,0.020858036499461906,0
RIRWILRYWRWS,100.0,1,0.8443919514271758,1
AIGSILGALAKGLPTLISWIKNR,8.0,1,0.007795468984991295,0
GLLKKLLKKLLKKL,30.0,1,0.4808471137057146,0
AGLQFPVGRVHRLLRK,216.8,0,0.05351893584739511,0
GKLIKKFGRKAISYAVKKARGKH,36.0,1,0.010758282431501572,0
ALWTTMLKKLGKMALHAGKAALGAAADTI,101.0,0,0.00381464792172963,0
LFNNYITAALKLLEKLYKV,64.0,1,0.9506055714190836,1
FPFLLSLIPSAISAIKRL,104.5,0,0.10880047996247041,0
ALWKDLLKNVGKAAGKAVLNKVTDMVNQ,114.7,0,0.4339137694527805,0
RPFTRAQWFAIQHISPRTIAMRAINNYRWR,178.5,0,0.8419945530639559,1
KSCFRVCYRGICYRRCRG,32.0,1,0.9036784645014839,1
GWKKWLRKGAKHLGQAAIKGLAS,102.3,0,0.017436833608561353,0
FAKKLAKKLKKLAKKLIGAVLKV,9.9,1,0.07660596994569768,0
AAHHIIGGLFSAGKAIHRLIRRRRR,26.2,1,0.20864552882737036,0
ILPCKWCWWPWRR,49.4,1,0.024145609496723293,0
GMAKLLAKVLPHVVKLIK,150.0,0,0.010325303434759875,0
KWMKLLKKILK,400.0,0,0.04769089798501334,0
FFRLLFHGVHHVGKIKPRA,112.1,0,0.06092542496171936,0
GIGKFIHSAKRFGRAWVGEIMNS,303.0,0,0.027131685725211085,0
LGLFKKLLRLIKKGFKK,98.6,1,0.03166404985374424,0
GVVKRIKTVV,500.0,0,0.8757804670334469,1
KKTWWKTWWTKWSQPKKKRKV,101.0,0,0.11534237704343031,0
GKWMHLLKHILK,109.0,0,0.014028361641105385,0
ASVVKWLTKWVAKLLK,64.0,1,0.6087717987171364,1
FLPILAGLAANILPKVFCSITKKC,7.0,1,0.042340670461326446,0
AFGMALKLLKKVL,241.0,0,0.009894920141176163,0
GIWKTIKSMGKVFAGKIKQNL,200.0,0,0.022430487269193767,0
IGDLVKWIIDTVNKFTKK,30.0,1,0.11415689946699523,0
GILSSLWKKLKKWIAK,57.0,1,0.6531734569104362,1
VNWKKILPKIIKVAK,200.0,0,0.2783610967061044,0
KWCFRVCYRGICYRKCR,85.5,1,0.22005058614738782,0
GLLDLLKGAGKGLLTHLASQI,116.7,0,0.9569033657768846,1
GIMRVFKGVLKTAGKSVAKNVAGSFLDRLKCKISGGC,52.0,1,0.06683917457510508,0
GLWDTIKQAGKKFFLNVLDKIRCKVAGGCRT,18.5,1,0.015030179336239624,0
KRRVRWIIW,186.8,0,0.9929637896347462,1
FAKLLAKLAKKIL,674.8,0,0.6317394822453456,1
GWFDILKHVFRLLK ,4.7,1,0.010914429358142132,0
KALKKLLAKWLAAAKALL,2.0,1,0.974181131794891,1
HFLGTKVNLAKKIL,500.0,0,0.06160097229530045,0
GIKDLLKGAAKALVKTVLK,800.0,0,0.7069254724169918,1
FWGALAKGALKLIPSLVSSFT,6.4,1,0.2560223343995046,0
FLPIVGRLISGIL,101.0,0,0.006413342575804938,0
QVVKKIRTWYHKAWHVLGKV,200.0,0,0.27924625438278405,0
LNWGAILKHIIK,119.0,0,0.055243675623981525,0
WWRWRW,535.9,0,0.02102483767193613,0
GKLFKKILKIL,307.9,0,0.8631838696362657,1
FWGALAKGALKLIVGSLFSSFSKKD,8.8,1,0.18772239521385398,0
RWCVYAYVRVRGVLVRYRRCW,66.3,1,0.28519028416803033,0
FAKKLAKKLKKLAKKLAKLALALKALALKAL,17.8,1,0.02626295040540031,0
GMWKKILGKLIR,200.0,0,0.25495156440183064,0
KWKVFKKAEKMIRNIRNKIVK,250.0,0,0.014894091125147293,0
FAKLLFKALKKAL,659.6,0,0.6528901751649985,1
ALYKTMLKKLGTMAL,101.0,0,0.386425488386308,0
GFRKIVQKIRDFLRNLV,80.0,1,0.3412173443437155,0
GWGSFFKKAAHVGKHVGKAALTHYL,93.6,1,0.0033624782031014683,0
ALWMTLLKKVLKAAAK,23.1,1,0.04435195491113742,0
LLKKLLKKM,876.4,0,0.6537103907767452,1
CLLKKLLKKLLKKC,48.3,1,0.9506591986241626,1
INWKKIFESVKNLV,101.0,0,0.003574578469603084,0
KGIVGMLGKLF,618.0,0,0.02084442249059839,0
FLPIIGQLLSGLL,300.0,0,0.0028400888719570224,0
FPVGRVHRLLRK,271.0,0,0.5174079087022878,1
IKKWLSKIKKLLK,500.0,0,0.6655537013559002,1
HFLLTLVNLAKKIK,500.0,0,0.17651700835403966,0
FFLLSLIPSAISAIKKI,33.3,1,0.9408623413882008,1
GFMKYIGPLIPHAVKAIKKLI,25.0,1,0.010210346021035674,0
QYLRRVRTWLRRAWHILGKV,20.8,1,0.3387243606329511,0
GIGRFLHSARRFGRAFVGEIMNS,249.4,0,0.026790407926313226,0
FALALKALKKAL,457.3,0,0.9797004777040715,1
SMLAVLKNLGKVGLGFVACKINKQC,200.0,0,0.00951840132318717,0
GWKKWFNRAKKVGKTVGGLAVDHYL,88.8,1,0.017638102025717604,0
FLPGILKVAANVVPGVI,512.0,0,0.0762013089555522,0
INSLKLGKKILGAL,101.0,0,0.009576988752680253,0
VRRFPYYYPFLRR,538.2,0,0.9147744933766664,1
KRIVQRIKDWLR,800.0,0,0.1466563875069308,0
KRIRKRIKKWLR,800.0,0,0.34172540075524493,0
GLGKFLHSAKRFGKAFVGEAMNS,1000.0,0,0.006826159611973153,0
IDWKKVDWKKVSKKTSKVMLKASKFL,20.0,1,0.008612677629975554,0
IWRIFRRIF,101.4,0,0.9644323707237135,1
KYIRHLKTWFKKVFKLIGEV,19.8,1,0.8596186841145155,1
KWKVFKKIEKMGRNIRNGIVKAGPAIAVLGEAKAL,250.0,0,0.00472923418448175,0
RRRRWWWL,200.0,0,0.7625408228663304,1
FKRFKGSVKHGKGHLVHHIGVAL,400.0,0,0.003751296609635712,0
GLLKRIKKLLKKIKKLL,9.0,1,0.3563041385906508,0
ALWKTLLKKVLKAAAKAALKAVLVGANA,0.5,1,0.08282519707175,0
CLNLKALLAVAKKILC,9.19,1,0.07546791803194638,0
ILGKIWKGIKSLF,60.3,1,0.07377548723469304,0
AIPFIFIWRLLRKG,15.0,1,0.9836646010827138,1
GLPALISWIKRKRGG,596.3,0,0.1448146069055671,0
VNWKKVLKKIIKVAK,200.0,0,0.47729528900131973,0
GFMSKVANFAKKFAKGGVNAIMNQK,64.0,1,0.0042157460420571705,0
KIFKKFKDFLKKIFQYLGKV,14.9,1,0.0467145362763983,0
FAKLAKKLL,94.6,1,0.9536743543418937,1
VNSKKISGKSIKVSK,100.0,1,0.002759170243425743,0
LKLKLKLKLKLKLKLKLKLKLKLK,171.8,0,0.040409937024453266,0
GLPICGETCVGGTCNTPGCSCSWPVCTRN,6.96,1,0.0023759558767117487,0
KKIASIGKEVLKAL,101.0,0,0.00990926258683486,0
GIGKFLHSAKKFGKAWVGEIMNS,509.0,0,0.028657339923504936,0
INWLKLGKKLLSAL,44.0,1,0.007768117990755691,0
RPFIRAQWFAIQHISPRTIAMRAINNYRWR,150.0,0,0.43505807222895215,0
GLNALKKVFQGIHEAFKLINNHVQ,250.0,0,0.005252386410410579,0
LKWLKWG,150.0,0,0.0740813475101083,0
IRAWAKVLKGVGKILKGVGRW,134.8,0,0.026411117005258666,0
FCYCRRRFCVCVGR,45.3,1,0.017389101319920656,0
FIHHIIGGLFSAGKAIHRLIRRR,7.0,1,0.7456164507371618,1
GAGCNIFGGNDYRCHRHCKSIRGYKGGYCKLGGICKCY,400.0,0,0.00243117731835965,0
RGGRLCYCRRRFCVCF,40.1,1,0.14963977003923562,0
GFFGKMKEYFKKFGASFKRRFANLKKRL,12.0,1,0.0776508760761708,0
LRRLWLRANRLLRRLWLRANRL,66.0,1,0.022890290086976305,0
RRWCVYAYVRVRGVRVYAYVCW,80.0,1,0.833508655444948,1
GILSSLWKKPKKIIAK,400.0,0,0.2982649467901447,0
RFRRLRKKTRKRLKKI,256.0,0,0.9927007313313675,1
GLPVCGETCVGGTCNTPGCTCSWPVCTRN,29.1,1,0.0024471586823484165,0
KRRLILRILRLAIRALVKKR,20.0,1,0.45190174367839486,0
KLKLLLLLKLK,300.0,0,0.7573048024561996,1
FAKKFAKKFKKFAKKFAKFAFAF,18.8,1,0.3006138542823843,0
RQYMRQIEQALRYGYRISRR,200.0,0,0.09247758428073764,0
KKYRYHLKPFCKK,128.0,0,0.14192141942930797,0
FLSLIPKIISAISALIKHF,1.074,1,0.4310411653193301,0
GLPALISWIKRKRQQ,549.7,0,0.8839549327364915,1
VRRFPYWWPFLRR,65.0,1,0.9303332558615406,1
GRKKRRQRRRGALWKSLLKNVGKA,512.0,0,0.11550045582293897,0
IAGKIAKIAGKIAKIAGKIA,10.2,1,0.115818281019858,0
NIWKKIASIAKEVLKAL,32.0,1,0.01027518478449139,0
FLGAILKIGHALAKTVLPMVTNAFKPKQ,48.9,1,0.00268915938149722,0
FLSLIPHIVSGVASIAKHF,39.0,1,0.006411651360246448,0
KNLRRIIRKGIHIIKKYF,50.0,1,0.9697444408832909,1
VCKRWKKWKRKWKKWCV,133.3,0,0.1331853210498579,0
GIAKFGKAAAHFGKKWVGELMNS,700.0,0,0.007491729962014376,0
GLLKKIKKLL,500.0,0,0.9752743623056854,1
GIWKTIKSMGKVFAGKILQNL,95.0,1,0.022299721746802073,0
KRFKKFFKKLKNSVKKRAKKFFKKPKVIGVTFPF,0.37,1,0.015421257519162842,0
KWAVRIIRKFIKGFIS,128.0,0,0.952912201791489,1
FFPIVGKLLSGLF,150.0,0,0.0046246209976875535,0
FIHHIIGGAASAGKAIHRLIRRRRR,35.0,1,0.40032268665759824,0
GLLSSLLLLGKLL,20.0,1,0.004895238793762506,0
IAGKIAKIAGKIAKIAGKIAKIAGKIA,0.4,1,0.10773288732214323,0
IPCGESCVWIPCITAIAGCSCKNKVCYT,11.6,1,0.02138565495906408,0
LLKKLLKKLLKL,338.7,0,0.06039533881259597,0
RSKKWRKIEKRVKKIFEKTKEALPVIQGVATIVGAVGR,43.2,1,0.025045074182213044,0
FLGALWNVAKSYF,12.5,1,0.16938555252756463,0
LFGFLIKLIPSLFGALSNIGRNRNQ,1.9,1,0.039991288621480825,0
WKLFKKILKYL,42.0,1,0.5365462770397835,1
GLPTCGETCTLGTCYVPDCSCSWPICMKN,13.1,1,0.003983903225844114,0
WKKIASIGKEVLKAL,101.0,0,0.07370546203240504,0
AKVVKKLTKGVAGLLK,128.0,0,0.6985401511895746,1
LWKIWKKIWRVWKNWR,6.9,1,0.6490277633559802,1
GLFDIWKKLRWRR,139.0,0,0.12514303457304043,0
SAVLRHLRRFLLRKHRKH,448.97,0,0.07945280463819782,0
KFAKKFAK,258.8,0,0.8531375710850984,1
VRRFPWWWAFLRR,186.2,0,0.8338789453292097,1
FKIKPGKVLDKFGKIVGKVLKQLKKVSAVAKV,90.5,1,0.025429765502180568,0
KWCSRVCYRGICSRRCRG,32.0,1,0.1915394242546134,0
GIRKWFKKAAHVGKEVGKVALNACL,94.1,1,0.018857928757821284,0
GLGSLLGKALKFGLKAAGKFMGGEPQQ,200.0,0,0.007898337780535943,0
YRMWRWAWRWR,230.5,0,0.009522051668723734,0
KWCFRVCYRGICYRKCRG,128.0,0,0.1677343032206789,0
GMASKAGSVLGKVAKVALKAAL,500.0,0,0.00650760817118799,0
KFKKVIWKSFL,50.0,1,0.9710384707920039,1
SILDKIKNVALGVARGAGTGILKALLCKLDKSC,480.0,0,0.04622623062940673,0
RLYRRLYRRLYRRLYRKKK,1000.0,0,0.03265499188706881,0
GLLDLLKLLLKAAG,63.2,1,0.024948460584782974,0
VRRFAWWWAFLRR,32.0,1,0.15866409903267706,0
GLPLLISWIKRKRQQ,537.3,0,0.9343275915287894,1
IKRQYKRFFKLFKWFLKK,25.0,1,0.7962140976344362,1
GFSSIFRGVAKFASKGLGKDLAKLGVDLVASKISKQS,200.0,0,0.00830582780010326,0
GLKEIFKAGLGSLVKGIAAHVAS,145.0,0,0.0058889195552028414,0
ALWKTLLKKVLKAAA,19.7,1,0.5311438088857641,1
GLVGTLLGHIGKAILG,404.8,0,0.0022736407776971336,0
KWKLFKKALKKLKKALKKAL,32.0,1,0.5426111244797908,1
VCRTGRSRWRDVCRNFMRRYQSR,300.0,0,0.002775948994443658,0
GLLKWIKTLL,20.0,1,0.8161088918235884,1
TLLKKVLKAAAKAALNAVLVGANA,16.5,1,0.02340912389295543,0
GKYTCGETCFKGKCYTPGCTCSYPICKKD,64.0,1,0.0026018591181199095,0
GIGKHVGKALKGLKGLLKGLGES,800.0,0,0.0027755757805153713,0
IKLSPETKDNLKKVLKGAIKGAIAVAKMV,225.0,0,0.00341527454322045,0
FPFLLSLIPSAISALKKL,30.3,1,0.13656216850830524,0
YCYCRRRFCVCVGR,44.9,1,0.02043472357104285,0
ALWKNMLKGIGKLAGKAALGAVKKLVGAES,50.0,1,0.009595582854354714,0
GFWGKLWEGVKNAIKKK,1000.0,0,0.016011383672916955,0
GLLGKLLKIAAKVGKKLL,25.0,1,0.0570948643852464,0
FAKLLAKALKKFL,461.7,0,0.6193478446322158,1
HKWMSLLKHILK,200.0,0,0.008167764459218269,0
GLLKVIKTLL,53.4,1,0.9791798792243999,1
VLGLALIVGGALLIKKKQAKS,213.5,0,0.04747622069532839,0
SLLGTVKDLLIGAGKSAAQSVLKGLSCKLSKDC,300.0,0,0.9625859593479044,1
GFWTTAAEGLKKFAKAGLASILNPK,105.0,0,0.15694101888763906,0
FLGALWNVLKSVF,12.5,1,0.017227615064493693,0
GVWSTVLGGLKKFAKGGLEAIVNPK,128.0,0,0.01730652611014908,0
RFLKHFKTVYKRYWKVLGRL,142.9,0,0.2935344703794568,0
VRRFPWWWPFLRR,200.0,0,0.7548710872646338,1
FIITGLVRGLTKLF,124.8,0,0.1607092782125042,0
GLSLLLSLLGKLL,3.1,1,0.004251371708443702,0
GLPVCGETCVGGTCNTPGCSCSWPVCFRN,27.06,1,0.0021159527043100716,0
LCYCRRRFCWCV,49.8,1,0.27174331258904366,0
RVKRVWKLVIRLVKALYKLYRAIKKK,1.0,1,0.1446820081273426,0
GFSSIFRGVAKFASKGLGKKLAKLGVKLVACKISKQC,11.0,1,0.004901304512915988,0
IFFRRNKKMAVKVAINGFGRIGRLAFRQMF,1000.0,0,0.0033644584574718155,0
FLPVIASVAAKVLPKVFCFITKKC,7.0,1,0.010785902448817396,0
RGGRLCYCRRRFCVCL,40.8,1,0.12197450047609251,0
GKWMKLLKHILK,87.4,1,0.06375297666270718,0
SLWENFKNAGKQFILNILDKIRCRVAGGCRT,220.0,0,0.011613947126659627,0
GAVVDILKGAGKNLLSLALNKLSEKV,186.9,0,0.01806445473039703,0
GLPVCGETCFTGSCYTPGCSCNWPVCNRN,4.29,1,0.0022082259509830955,0
HFLGTLVNKAKKIL,500.0,0,0.04457776395617907,0
ILGKLLSTAAKLLSKL,16.0,1,0.022053841825948408,0
INWKKIASIGKEVLKAI,101.0,0,0.013628434753619047,0
IKLSPETKKNLKKVLKGAIKGAIAVAKMV,173.0,0,0.006491113669773002,0
IKLSKKTKDNLKKVLKGAIKGAIAVAKMV,136.3,0,0.015395507264154326,0
FLPFVGNLLNGLL,150.0,0,0.003050887988255575,0
HFLGTLVNLAKKIK,500.0,0,0.04612916803257174,0
GLMSLFKGVLKTAGKHIFKNVGGSLLDQAKCKITGEC,55.0,1,0.005797436825916942,0
FLGALLGPLMNLLQ,105.0,0,0.005671008327954441,0
GMWPKILGHLIR,200.0,0,0.28775976982569834,0
KWCFCVCYRGICYCRCRG,590.0,0,0.4414376124673022,0
FAKLLAKLAKKAA,715.3,0,0.9185788931158442,1
LVKKLLKLAMGFG,200.0,0,0.02544176565743082,0
ASVVKKWTKGWAKLLK,128.0,0,0.8540603756276127,1
RGGRLCYCRRRFCVCW,39.4,1,0.20107589208412321,0
FLPAIAGLAAKFLPKIFCAITKKC,16.0,1,0.034893707819514105,0
ILPYKYPYYPYRR,110.1,0,0.9420045207851832,1
FALALKALKKALKKLKKALKKAL,39.5,1,0.05062273190312896,0
LKLKLKLKLKLKLKLKLKLKLK,187.3,0,0.03991992665194653,0
FLSGIVGMLGKLF,25.0,1,0.9720948477229125,1
FKIKPGKVLDKFGKIVGKVLKQLKKVS,297.7,0,0.07895602720247427,0
HFKGTLVNLAKKIL,500.0,0,0.041331358172631394,0
FKAFKAFKAFKAFKAFKAFKAFKAFKA,159.6,0,0.7086015129025716,1
LNWGAALKHAAK,200.0,0,0.014460698861419947,0
FFRLLFHGVHHGGGYLNAA,119.7,0,0.010196636326614914,0
ASVVKWWTKWWAKLLK,64.0,1,0.6564701513519154,1
FLGALWNVAKKVF,25.0,1,0.00391651272951149,0
GLLSLASLLGKLL,4.0,1,0.09683656931870052,0
LKLKLKLKLKLKL,1.2,1,0.22268445329189138,0
QVLKKVRTWYRKAFHVIGKV,200.0,0,0.45546100277583507,0
FFHHVFRGIVHVGKTIHRLVTG,40.0,1,0.0040738164438704995,0
GLWSKIKEVGKEAAKAAAKAAGKAALGAVSEAV,500.0,0,0.033055087356186334,0
KWKLFKKKTKLFKKFAKKLAKKL,2.8,1,0.7753175227312964,1
YKLLKLLLPKLKPLLPKL,58.0,1,0.6571615728413202,1
FLPIVAGLAANFLPKIVCKITKKC,19.0,1,0.013739763067389069,0
GLLALISWIKRKRQQ,65.4,1,0.9164769390090124,1
FLSLIPHIVSGVAALANHL,53.98,1,0.2941870717227194,0
KLKLKLKLKLKLKLKLKLKLKL,0.4,1,0.039827122142006274,0
RGLRRLGRKIAHGVKKYGPTVLRIIRIA,86.0,1,0.018466242803490233,0
LWKIWKKIWRVGWNWR,21.3,1,0.281473178209127,0
GIGAVLKVLTTGLCALISWIKRKRQQ,2.5,1,0.30887847280510716,0
GLKKIFKAGLGSLVKGIAAHVAS,400.0,0,0.004991071423294862,0
FLPLLLAGLPKLLCLFFKKC,5.0,1,0.048889103369643215,0
KRLFKKLLFSLRKY,23.1,1,0.020368573172926775,0
LLGSLLSLGLKLL,13.0,1,0.004726270556916894,0
RPPQFTRAQWFAIQHISLN,11.2,1,0.038723940948294344,0
KKFAKKFAKKFAKKFAKKFAKKFA,174.7,0,0.8020200302429714,1
KKYRYHLKPFSKK,128.0,0,0.34318889832366456,0
FLQGIIDTVGKWL,82.3,1,0.4958903117059039,0
SLWENFK,128.0,0,0.02689773776008837,0
KIAKVALKALKIAKGALKAL,336.8,0,0.7394608207132215,1
GNPLKLFLPSTWVHFFKFLR,40.0,1,0.813073065981294,1
IILLLLKKFWKKL,12.5,1,0.15602035944374207,0
VALALKALKKALKKLKKALKKAL,59.7,1,0.03507603601809901,0
VAKKLAKLAKKLAKLAL,229.3,0,0.07769898511859623,0
GIIKKIIKKIIKKIIKKI,40.7,1,0.9862897702808127,1
FVDLKKIANIINSIF,230.0,0,0.054616601548577184,0
TLLKKVLKAAAK,50.0,1,0.20736225867001484,0
GFGSLLGKALKIGTNLL,145.0,0,0.0460155864509861,0
GVLGTVKNLLIGAGKSAAQSVLKTLSCKLSNDC,180.0,0,0.9313230587841342,1
CIGAVLKVLTTGLPALISWIKRKRQQC,3.0,1,0.10989216889669465,0
LNWGAILKKIIK,200.0,0,0.021566933914296146,0
RRLFRRILRWL,4.8,1,0.9931107533622876,1
ASVVKKWWKGWWKLLK,64.0,1,0.25308852146130467,0
AMTSRKRKFVWYVLSSSLKWLIKKAKKIGVQVCGFE,16.47,1,0.10054158137757416,0
GVVDILKGAAKDIAGHLASKVMNKL,200.0,0,0.014817258361297974,0
GLFDIVKKVLRLLK,24.7,1,0.020299408944723107,0
AKVVNKLTGGVAGLLK,128.0,0,0.005802354690826667,0
LNWGAWLKHWWK,132.0,0,0.09624262823274192,0
GLKALKKVFKGIHKAIKLINKHVK,95.0,1,0.02000688046121185,0
LNWGAIKKHIIK,200.0,0,0.023461406365095628,0
KLKLKLKLKLKL,5.4,1,0.019708833934191893,0
ALWKTLLKKVLKAAAKAALNAVLVGANA,2.0,1,0.056315728012802845,0
IILLLLKKFLKKL,6.25,1,0.8967730454806763,1
ILGKLLSTAWGLLSNL,11.0,1,0.13052799789421368,0
LKKLLKKLLKKLLKKLLKKLLKKLLKKL,2.7,1,0.020256808239916144,0
VFIDILDKMENAIHKAAQAGIG,42.5,1,0.016542429614998903,0
ALWKDILKNLLKAALNEINQIVQ,3.44,1,0.0043640542590048705,0
GLWSKIKEAAKAAGKAALNAVTGLVNQGDQPS,200.0,0,0.15567679331032375,0
FIGALLRPALKLLAGK,256.0,0,0.2519310017573394,0
KLALKLALKALKAALKLA,10.0,1,0.8313298751825225,1
GLPVCGETCVGGTCYTPGCTCSWPVCTRN,6.9,1,0.0021166788372486353,0
INWKKIASIGKEVLK,101.0,0,0.04058595889485926,0
IKLSPKTKKNLKKVLKGAIKGAIAVAKMV,84.6,1,0.009018578408018469,0
FALALKALKKLAKKLKKLAKKAL,6.4,1,0.04525714663467619,0
KIFGAIWPLALGALKNLIK,4.0,1,0.9774617201746023,1
FAKLLAKALKKFAL,252.0,0,0.9575697663698962,1
RGGRLCYCRRRFCVCA,41.7,1,0.10787440345456675,0
KILRGVCKKIMRTFLRRISKDILTGKK,279.4,0,0.012632793589228947,0
KFAKKFAKKFAKKFAKKFAK,104.7,0,0.9083195200154316,1
GIPCGESCVWIPCITSAIGCSCKSKVCYRN,8.91,1,0.6940402369540204,1
GLLSLLSLAGKLL,14.0,1,0.09968145416836197,0
KWCFKVCYKGICYKKCKG,32.0,1,0.007244949855099864,0
ILKWKWPWWKWRR,401.2,0,0.865554524729213,1
FVDLKKIANIINSIFGK,99.08,1,0.10532096069908733,0
VKRWKKWWRKLKKSV,153.8,0,0.9515041809097248,1
FLPLLLSALPSFLCLVFKKC,5.0,1,0.06310177739620075,0
ENFFKRIRRAGKRIRDAIISAAPAVETLAQAQKIIKGGD,1000.0,0,0.4332290848057436,0
ALWKTLLKNVGKAAGKAVLNAVTDMVNQ,70.7,1,0.9562315376927136,1
VKRFKKFFRKFKKFV,155.5,0,0.9691792971916385,1
FLPILAGLAAKLVPKVFCSITKKC,5.0,1,0.02233174662256602,0
YKLLKLLLPKLKPLLIKL,31.8,1,0.2792880211248746,0
RFARRFARRFARRFARRFARRFARRFARRFAR,4.0,1,0.9751521281283054,1
HWRRFWHR,500.0,0,0.21314928671684066,0
LKLSPKTKKTLKKVLKGAIKGAIAIASMA,192.7,0,0.01679899461065231,0
VLPKVMAHMK,101.0,0,0.2559403365028714,0
GIMSSLMKKLAKHIAK,400.0,0,0.061244576786478544,0
FPVTWPTKWLKG,336.7,0,0.8755231449106787,1
FLPLVTGLLSGLL,300.0,0,0.0021962312113313286,0
FLWALFKVASK,76.5,1,0.8174101449287143,1
GKWMSLLKHWLK,106.0,0,0.4040172629369446,0
INWKKLLDAAKQIL,26.0,1,0.00418266744499187,0
FLPLLASLFSRLF,12.5,1,0.7138524182805039,1
LKLKLKLKLKLKLKLKLK,228.6,0,0.09061775565089682,0
KWCFRVCYSGICYSRCSG,15.3,1,0.19458789706535382,0
VKRWKKWFRKWKKWV,144.5,0,0.8281585626051747,1
KRFKKFFKKLK,5.98,1,0.20406277883595517,0
VQLRIRVAVIRA,292.5,0,0.10996520081059742,0
GVFGLLAKAALKGASKLIPHLLPSRQQ,64.0,1,0.026511386206950538,0
WKRIVRWIKRWLR,14.0,1,0.9886820416089431,1
QIYKKYRTWYRKAWKVLGKV,200.0,0,0.10680923992424152,0
FKKLKKIANIINSIFKK,1000.0,0,0.4042055398950911,0
KWARLWRWFRITRWLWYIK,5.0,1,0.9898767596711053,1
ALWMTLLKKVLKAAAKAALNAVLVGANA,1.4,1,0.029393456098832926,0
PLLKKLLKKP,415.6,0,0.9640176110918605,1
KLKKLLKKLLKL,335.3,0,0.032793825648756034,0
ILPWKWCWWCWRR,32.1,1,0.854009382131176,1
VRRFPWWYPFLRR,65.0,1,0.9145193889765695,1
DAACAAHCLWR,161.0,0,0.01980215223061732,0
FKRIVQLLKKLLR,244.6,0,0.14407281981054698,0
LFGFLIPLLPHIIGAIPQVIGAIR,0.19,1,0.37090087971881636,0
KNWGAILKHIIK,200.0,0,0.02247175471286863,0
KIWFQNRRMKWKK,128.0,0,0.01097862151077124,0
RQIKIWFQNRRLKWKK,128.0,0,0.9022142432930524,1
FFHHIFRAIVHVGKTIHRLVTG,4.0,1,0.009445333203138166,0
GLWKSLFKNVGKAAGKAALNAVTDMVNQ,173.1,0,0.06059908063201069,0
GFWSSVWDGAKNVGTAIIKNAKVCVYAVCVSHK,64.0,1,0.003292782345840865,0
NILNTIINLAKKIL,300.0,0,0.9611683331123853,1
AKRHHGYKRKFH,120.8,0,0.007611940392514354,0
FLGSLLGLVGKVVPTLFCKISKKC,78.5,1,0.03583395713576163,0
RGLRRLGRKIAHGVKKYGPTVLRIIRIAGGGGGSC,146.0,0,0.0035507857746255914,0
GLLKKIKRLL,165.7,0,0.9636971527224404,1
TLISWIKNKRKQRPRVSRRRRRRGGRRRR,264.4,0,0.04174747929354617,0
FAKALAKLAKKLL,208.3,0,0.44030694627253625,0
GIWKKWIKKWLKKLLKKLWKKG,28.7,1,0.4284915157406128,0
GLKKIFKAGLGSLKKGIAAHVAS,400.0,0,0.036887251724996455,0
GILSSLWKKLKKIIAK,197.0,0,0.9135336619945432,1
KFKKLFKKLSPVFKRIVQRIKDFLR,200.0,0,0.034323647210712335,0
FLPLIAGVAANFLPKIFCLISKKC,5.0,1,0.008949925489213778,0
GKPTCGETCFKGKCYTPGCTCSYPLCKKD,64.0,1,0.002511696319978561,0
IKLSPKTKDNLKKVLKGAIKGAIAVAKMV,185.0,0,0.012150859900525293,0
GIMNTVKDVATGVATHLLNMVKCKITGC,90.0,1,0.0059582978476834594,0
GLASLLSLLGKLL,3.0,1,0.09572324947910844,0
FLGALFKVASKLVPAAICSISKKC,96.0,1,0.05750174028018677,0
LNWGAILKHIKK,200.0,0,0.019656200051674618,0
FLGSIVGALASALPSLISKIRN,12.0,1,0.019939547403438583,0
FFPIIAGMAAKLIPSLFCKITKKC,7.0,1,0.038782235713191976,0
AKVVNKLTGKVAGLLK,128.0,0,0.458569307270727,0
FLPIIAGMAAKVICAITKKC,25.0,1,0.15525337689056581,0
CVKVSVKVGSGVKVSVKVC,589.0,0,0.8448053999422296,1
WKRWVRRWKRWLR,138.0,0,0.32193860174165134,0
SAVWRWRRFWLRKRK,500.0,0,0.06319615031247747,0
FKRIVQIIKKFLR,210.6,0,0.9709159745359408,1
KKLFKKILKFL,284.9,0,0.5289214388676637,1
IAKIAGKIAKIAGKIA,160.9,0,0.671910241533076,1
FIHHIIGGLFSIGKIIHRLIRRRRR,0.4,1,0.9814997509803742,1
IAGKIAKIAGKIAKIAGKIAK,32.1,1,0.13292016618923386,0
VRRFPAWWPFLRR,65.0,1,0.3401185317036478,0
GLLDFVTGVGKDIFAQLIKQI,14.3,1,0.005170456910450849,0
KFHHIFRGIVHVGKTIHRLVTG,100.0,1,0.006884540753860272,0
GWLDVAKKIGKAAFNVAKNFI,26.0,1,0.04957958493502405,0
RGLRRLGRKIAHGVKKYGPTVKRIKRKA,101.0,0,0.004330093230975929,0
KKLFKKILKYL,101.0,0,0.03843491990486442,0
GVLKRIKTLV,500.0,0,0.9836018763053701,1
WRAWAKIYHGVGKLLKGVGRW,191.3,0,0.5328894362421333,1
AFLYRLTRQIRPWWRWLYKW,33.7,1,0.9647449674689351,1
GKWKKILGHLIR,200.0,0,0.12319686125899088,0
KLKLLLKLK,146.0,0,0.7432191180545413,1
QIIKKVRTWIKKAWHLIGKI,101.0,0,0.6906631008485725,1
FAKFLAKFLKKAL,38.7,1,0.8635168205952857,1
GLAANFLPKIFCKITRKC,71.3,1,0.5873459516840773,1
FLYIVAKLLSGLL,526.5,0,0.9644923793457265,1
HFLLKLVNLAKKIL,100.0,1,0.14311737631527383,0
FLQKIIGALGHLF,69.0,1,0.07017755939296964,0
GINLKRKGNIMKKVKNIFHKIANADPMIWGYVMLSESK,41.31,1,0.0025082217443898698,0
FKLRAKIKVRLRAKIKL,64.3,1,0.9624077354804536,1
RRWPWWPWRR,200.0,0,0.9540915179581472,1
LNWGAKLKHIIK,200.0,0,0.021188286382986244,0
ILSAIWSGIKGLL,138.4,0,0.09621185170989602,0
FALAAKALKKLAKKLKKLAKKAL,119.1,0,0.04667891592308885,0
GLLGLLGSVVSHVVPAIVGHF,25.0,1,0.002728805890050235,0
ASVVKWLWKWVWKLLK,64.0,1,0.04748230160439896,0
GLKALKKVFQGIHKAIKLINNHVQ,250.0,0,0.010485773768943388,0
KWKLFKKIEKVGQNIRDGIIKAGPAVAWVGQATQIAK,24.5,1,0.0045919626381809905,0
AGWKEWLNKAKDFIKEKGLGMLSAAANAALN,101.0,0,0.5386573944720144,1
FLSHIAGFLSNLF,80.0,1,0.012298093696243594,0
GIGKFLHAAKKFAKAFVAEIMNS,69.9,1,0.013390921219891272,0
LLPIVGNLLKSLL,120.0,0,0.0026228560161927995,0
RPFTRAQWFAIIHISPRTIAMRAINNYRWR,101.0,0,0.9184257404530649,1
AVDLAKIANKVLSSLF,250.0,0,0.22685308924916825,0
LKLKLKLKLKLKLKLKLKLK,205.9,0,0.07632083650924137,0
ILPWKWPWWKWRR,249.6,0,0.9508453225302436,1
RLYRRLYR,1000.0,0,0.04790736872224464,0
GKWVKLLKKILK,400.0,0,0.02173509007073785,0
GILKSLLKKLKKIIAK,400.0,0,0.7360858720203726,1
RGLRRLGRKIAHGVKKYGATVLRIIRIA,100.0,1,0.0068601356768376335,0
IFGAIWPLALGALKNLIK,4.0,1,0.9771097356680187,1
ILPAKAPAAPARR,147.4,0,0.006803938227195545,0
VNWKKILKKIIKVAK,88.2,1,0.9374090607955683,1
MKKLLLILFCLALALAGCKKAP,171.6,0,0.11700583403308465,0
GVWSTILGGLKKFAKGGLDAIVNPK,64.0,1,0.027477449545762644,0
MLLKKLLKKM,785.5,0,0.9244933916152377,1
GIKKFLHIIWKFIKAFVGEIMNS,2.9,1,0.025405800959352402,0
FWGALAKGALKLIVSLFSSFSKKD,6.4,1,0.12064077080655711,0
KFKKFKKFKKFKKFKKFKKFKKFKKFK,137.2,0,0.028974098296317453,0
ALLKTMLKKLGTMAL,101.0,0,0.37908507182923024,0
KQLKKVSAVAKVAMKKGAALLKKMGVK,350.5,0,0.028478897716824086,0
GIWDTIKSMGKVFAGKILQNL,90.0,1,0.022925108784616188,0
GILSSFKGVAKGVAKDLAGKLLETLKCKITGC,160.0,0,0.1604916189228851,0
FLSKIWDGVKSLL,39.3,1,0.14492487263480852,0
HFLLTLVNLAKKKL,500.0,0,0.6617810364413378,1
RGLRRLGRKIAHGVKKYGPTVLRIIRIAG,23.1,1,0.01109200872933562,0
FLKGIVGMLGKLF,26.0,1,0.5251185844640738,1
GWKKWLRKGAKHLGQAAIK,116.3,0,0.023603684677065723,0
INWKKGKEVLKAL,101.0,0,0.004582094673192786,0
KWFKIQLQIKKWKNKK,90.2,1,0.90876976011821,1
CGKKWWGWKCKL,646.0,0,0.0030810154675770815,0
GFFALIPKIISSPLFKTLLSAVGSALS,35.7,1,0.015051120517673242,0
SMLSVLKNLKKVKLKFVACKINKQC,200.0,0,0.010302691538800576,0
NVWKKVLGKIIKVAK,200.0,0,0.05184072447936946,0
RVRRFPWWWPFLRRR,60.9,1,0.5769240355772822,1
FLSLIPKAISAISALINHF,9.266,1,0.6196069917417079,1
GFGSLLGKALRLGANVL,140.0,0,0.00436300512879124,0
FLPLAVSLAANFLPKLFCKITKKC,1.9,1,0.061744436565072114,0
VRRFPYWYPFLRR,65.0,1,0.8306184792783424,1
FFPLVLGALGSILPKIF,4.8,1,0.05203310452496398,0
AKKVFKRLPKLPSKIWNWK,800.0,0,0.007479175066718674,0
KFKKFKKFKKFKKFKKFKKFKKFK,154.2,0,0.03510917857233476,0
GVVTDLLKTAGKLLGNLFGSLSG,100.0,1,0.0021555931341819485,0
LNWGAGLKHGGK,200.0,0,0.0022148928158614535,0
AKVVNKLTKGVAKLLK,128.0,0,0.7190978304792182,1
INWKKLGKKILGAL,140.0,0,0.027260242556035263,0
LNWGAVLKHVVK,200.0,0,0.011436010640682288,0
KVKVKVKVPPTKVKVKVK,1000.0,0,0.7188354219701489,1
ILCWKCPWWPWRR,38.2,1,0.028489924631340063,0
FLGAIAQALTSLLGKL,22.0,1,0.717610315415528,1
LKFLKFG,150.0,0,0.09588820434403741,0
MQFITDLIKKAVDFFKGLFGNK,1.2,1,0.013709658052791025,0
GLKEVLHSTKKFAKGFITGLTGQ,160.0,0,0.005794910543514169,0
GKWLKLLKKILK,196.0,0,0.02619833748425211,0
GLLKPLLKIAAKVGSNLL,500.0,0,0.016257230635748667,0
INWKKIFEKVKNLV,101.0,0,0.04391920386208367,0
KRFWPLVPVAINTVAAGINLYKAIRRK,9.0,1,0.08416639452045062,0
VNWKKVLAKIIKVVK,200.0,0,0.034786562627166825,0
GTKEWLNKAKDFIKEKGLGMLSAAANAALN,150.0,0,0.2426308136596139,0
LLSLALAALPKLFCLIFKKC,180.5,0,0.52156665048794,1
PKVMAHMK,101.0,0,0.7035723929747592,1
FAKKLAKLAKKLAKLALAL,37.6,1,0.933505289402665,1
IWNKIAKSIGKVLEKAL,101.0,0,0.008454708315988664,0
ASVVNKLTKKVAKLLK,128.0,0,0.2704219138968925,0
FAKKLAKKLKKLAKLALAL,119.4,0,0.6257703596214703,1
IDWLKLGKMVMDVL,50.0,1,0.004481807091353287,0
IKWKKLLRAAKRIL,75.0,1,0.28187093691019943,0
GIPCAESCVYIPCTVTALLGCSCSNRVCYN,61.7,1,0.010635950440771053,0
WKRIVRRIWRWLR,12.5,1,0.990250985156121,1
GKWMSFLKHILK,69.0,1,0.01800378183460667,0
GLLKRIKTLL,1000.0,0,0.9749302846364556,1
FPVTWRTKWWKG,300.0,0,0.06392209267005113,0
VKRWKKWRWKWKKWV,142.0,0,0.07995978132409634,0
GIMDTIKGAAKDLAGQLLDKLKCKITKC,200.0,0,0.07215457380996515,0
SKVGRHLRRFGHRAHRKL,500.0,0,0.6113659559638847,1
SAVWRRWRRFWLRKRRKR,500.0,0,0.9139637492288128,1
INWLKLGKKMMSAI,101.0,0,0.002977633218740239,0
KAACAAHCLWR,159.4,0,0.013160891387096557,0
GKWMSLLKKILK,126.0,0,0.013363295806508465,0
GIPCGESCVWIPCISSAIGCSCKSKVCYRN,5.1,1,0.6276725435427484,1
LLKKLLKKLLKKC,252.2,0,0.22811230306664654,0
FLIGMTQGLICLITRKC,48.0,1,0.07083828387238318,0
FLPGILKVAANVVPGVICAITKKC,145.8,0,0.013124541819592397,0
IAKIAGKIAKIAGKIAK,148.9,0,0.9316232274248304,1
GLMSVLKGVLKTAGKHIFKNVGGSLLDQAKCKITGQC,100.0,1,0.005012292609091154,0
IDWKKIFEKVKNLV,101.0,0,0.0074425938556982,0
GMWSKILGHLI,122.0,0,0.5225902556584148,1
RWWLRRIW,200.0,0,0.9711809284359278,1
GKFMSLLKHILK,200.0,0,0.09442984037581546,0
HYIRHLKTWFHKPFKLIGKV,200.0,0,0.9255621079386497,1
GLMDTVKNAAKNLAGQLLDTIKCKMTGC,100.0,1,0.008894391388442228,0
FLHFLHHLF,336.9,0,0.9377643046631474,1
KRFKKFFKKPK,95.92,1,0.31093152995819134,0
FIHHAAGGLFSAGKAIHRLIRRRRR,69.1,1,0.24357550133335817,0
FPVTWRWWRWWRG,65.0,1,0.39008428122101824,0
FLSMIPHIVSGVAALAKHL,33.0,1,0.06331627132983786,0
IWRIFRRIFRIFIRF,15.0,1,0.9428241711852845,1
ILGTILGLLKSL,4.0,1,0.007872920051740296,0
HFLGTLKNLAKKIL,330.0,0,0.6417403372137829,1
FFHHIFRPIVHVAKTIHRLVTG,32.0,1,0.03228440285864286,0
GTPCGESCVYIPCISGVIGCSCTDKVCYLN,27.4,1,0.006929327065545945,0
LLGDFFRKSKEKIGKEFKRIVQRIKDFLRNLVPRTES,9.7,1,0.9479497526377605,1
SMLKVLKNLGKVGLGFVACKINKQC,120.0,0,0.01418925440817761,0
ILPWKWKWWKWRR,401.2,0,0.8749326487863204,1
GMASTAGSVLGKLAKAVAIGAL,200.0,0,0.03296247540906748,0
FLRFAGSVIHGAGHLVHHIGVAL,334.0,0,0.0041142072538860545,0
GVLDTLKNVAIGVAKGAGTGVLKALLCQLDKSC,50.0,1,0.1326774781290792,0
RVKRVWPLVIRTVIALYNLYRAIKKK,3.0,1,0.8488286901459906,1
VNWKKILGKI,200.0,0,0.33689907588136814,0
INWKKIFEKVKDLV,100.0,1,0.008289861204112896,0
RWRWRW,210.0,0,0.08796190884173902,0
CGRRWWGWRCRL,602.4,0,0.005862975116073059,0
KWAKKWKWFAKAAWKWYKK,16.2,1,0.9640517985626437,1
KLLAKAALKWLLKALKAA,1.7,1,0.9619362852879842,1
GILSKLLKKLKKIIAK,400.0,0,0.7195434012967743,1
SFLTTVKKLVTNLAALAGTVIDTIKCKVTGGC,63.9,1,0.08716759588348096,0
KILKLLKKFLKKL,500.0,0,0.9540915042826021,1
SMLSVLKNLGKVGLGFVAAKIAKQA,200.0,0,0.006703510011864098,0
SLWENFKNAGKKFILNILDKIRCRVAGGCRT,102.4,0,0.012492331489047298,0
LKLKLKLKLKLKLKLK,256.9,0,0.10266160985372644,0
GLPALISWIKRKRQ,71.0,1,0.1575586022443141,0
SILSLFKMGAKALGKTLIKQAGKAGAEYVACKATNQC,10.0,1,0.054083440032185584,0
GALSALKALGKAL,101.0,0,0.006174748927381473,0
GVPICGETCTLGTCYTAGCSCSWPVCTRN,33.04,1,0.0022167344926144025,0
GLWDSIKNFGKTIALNVMDKIKCKIGGGCPP,64.0,1,0.0033670454063826913,0
RWRWRWRWRW,76.0,1,0.8728162286786378,1
HFLGTLVNLKKKIL,500.0,0,0.10954075210700995,0
KWRRWIRWL,286.1,0,0.9405381537364053,1
FKRIVQLIKDFLR,67.0,1,0.32705038285770016,0
GFLSILKKVLAKVMAHMK,29.7,1,0.011539125989055946,0
AKVVNKLTKKVAKLLK,128.0,0,0.8365018653034731,1
GFLGPLLKLAAKGVAKVIPHLIPSRQQ,90.0,1,0.007336942103267284,0
LLGPVLGLVSNVLGGLL,308.6,0,0.002008900703085672,0
FLSLIPAAISAVSALANHF,52.17,1,0.15478592708600095,0
KLKLKLKLKLKLK,5.6,1,0.03165031768546926,0
LRFLKKILKHLF,30.0,1,0.42648319596848927,0
GVIIDTLKGAAKTVAAELLRKAHCKLTNSC,700.0,0,0.006145131159323641,0
GILDTFKGVAKGVAKDLAVHMLENLKCKMTGC,101.0,0,0.008027146489074832,0
RRWRIVVIRVRR,50.0,1,0.9515754536751786,1
FAKKLLAKALKL,730.4,0,0.9069343984075608,1
LWGALLGLGSTLLSKL,4.7,1,0.0057363499862822,0
MMRVMRRKTKVIWEKKDFIGLYSID,95.4,1,0.011395517216870373,0
IWSFLIKAATKLLPSLFGG,248.5,0,0.09077946420278124,0
INLKAIAALVKKV,725.2,0,0.01794023141333427,0
FFHHIFRAIVHVPKTIHRLVTG,75.0,1,0.033246434720851724,0
FLPLLAGVVANFLPQIICKIARKC,38.1,1,0.018798360840694053,0
GFKMALKLLKKVL,199.0,0,0.02119559242803105,0
LNWGAILKHKIK,200.0,0,0.02146673312415278,0
LKLKLKLKLKLKLKL,0.5,1,0.28898229913535733,0
HHIIGGLFSAGKAIHRLIRRRRR,27.6,1,0.30864068277206924,0
FLSLALAALPKFLCLVFKKC,17.0,1,0.359521308034877,0
IKLSKETKKNLKKVLKGAIKGAIAVAKMV,126.4,0,0.006491532121546635,0
FLPILGNLLNGLL,150.0,0,0.002608449805028632,0
GLNALKKVFQGIHEAIKLFNNHVQ,430.0,0,0.005121085585755634,0
GLPTCGETCTLGKCNTPKCTCNWPICYKD,64.0,1,0.002312468566349146,0
YGRKKRRQRRR,300.0,0,0.8337235957390563,1
FKVTWKTKWWKG,600.0,0,0.022267649501279695,0
GLPTCGETCTLGKCNTPKCTCNWPICYKN,64.0,1,0.005489220643461424,0
KRIVKLILKWLR,96.0,1,0.21511805625380692,0
KRRLFLFRLFRLFLRLFLKK,8.0,1,0.9340571595828298,1
INWKKIASIGKEVL,101.0,0,0.004540468612657148,0
LKKLLKKLLK,1000.0,0,0.7370323995569222,1
KIGKALGKALKALGKALGKA,14.9,1,0.04431515180769834,0
FIHHIIGGLFSAGKAIHRLIR,21.2,1,0.0480919179833991,0
CGRRWGWWRCRL,602.4,0,0.006080310947212864,0
FFGAIAAALPHVISAIKNAL,120.0,0,0.24035991836955026,0
IISTIGDLVKWIIKTV,40.0,1,0.010420962237742998,0
NVWKKILGKIIKVAK,200.0,0,0.40876150538522343,0
ILGAILPLVSGLLSNKL,115.0,0,0.002379317427376856,0
GKWMSLLKHILK,78.0,1,0.051025708043254514,0
YRWWRWARRW,437.2,0,0.6752483302766811,1
KWKLFKKIFKRIVQRIKDFLRN,76.2,1,0.041481683376769066,0
KAAKKAAKKAAKKAAKKAAKKAAKKAAK,178.3,0,0.4745756361332685,0
FVDLKKIANILNSIF,152.6,0,0.090912154680577,0
LDVKKIICVACKIKPNPACKKICPK,200.0,0,0.04490838626207676,0
IKKIIKKIIKKI,1000.0,0,0.9423057818018794,1
GIWKTIKSMGKVFAGAILQNL,40.0,1,0.06624161638551049,0
FFGWLIKGAIHAGKAIHGLIHRRRH,1.0,1,0.5459954380072628,1
FLSTIWNGIKSLF,24.48,1,0.9431251045532818,1
RAGLQFPVGRVHRLLRK,199.9,0,0.026742668825878318,0
GMWSKIPGHLIR,200.0,0,0.1451626686332677,0
GLLGPLLKIAKKVGSNLL,350.0,0,0.006149745681007331,0
GFKDLLKGAAKALVKAVLF,22.0,1,0.5994033006541942,1
ILGPVISTIGNALGGLLKNL,31.4,1,0.0024891274232886357,0
GIFSALAAGVKLLGNTLFKMAGKAGAEHLACKATNQC,35.0,1,0.12385195658976325,0
GLPVCGETCFGGTCNTPGCSCTWPICTRD,11.5,1,0.0022097195657632507,0
KVMAHMK,101.0,0,0.8532434691792028,1
GFGMALKLLKKVL,165.0,0,0.0627016151122945,0
FPVTWGWWKWWKG,279.5,0,0.04498803603397351,0
FALALKKALKALKKAL,114.2,0,0.9371063787443561,1
FIRRIARLLRRIF,886.5,0,0.9933313576277069,1
IAKIAGKIAKIAGKIAKIAGKIAK,5.0,1,0.9081299135193059,1
GSKRWRKFEKRVKKVFEHTKEALPVIQGVATVVGAVGRR,112.5,0,0.00653890307342941,0
KWCFRVCYRGICYRRCR,128.0,0,0.8993005782388617,1
ASVVKKLTKKVAGLLK,128.0,0,0.5815906534304068,1
FFRRFFRRFFRR,268.4,0,0.9228916721184426,1
LNKGAILKHIIK,200.0,0,0.14679579572622117,0
GIAGLLRSFVRMLAKIMGG,64.3,1,0.07145095816099807,0
RWRRFWRR,500.0,0,0.8698672378301049,1
GIWKKWIKKWLKKLKNLF,107.5,0,0.8805939218114098,1
FLPILGKLLSGIL,8.0,1,0.0026564757855898438,0
KIWFQNKKMKWKK,128.0,0,0.029105307005141724,0
GIMSSLMKKLKKHIAK,400.0,0,0.146396942139996,0
GVIIKTL,1000.0,0,0.4599267739066595,0
GMWSKILGHLIR,82.0,1,0.7192344415624813,1
GLLSAAKAAGKLL,50.0,1,0.006200551867078903,0
VRRFPAAWPFLRR,65.0,1,0.1507605463989526,0
GKLEVLHSTKKFAKGFITGLTGQ,160.0,0,0.0064889825398991765,0
GMWSKILGHL,200.0,0,0.9271081285457804,1
FALALKALKKLKKALKKAL,334.3,0,0.7219626991261728,1
KLLKFIKTLL,186.0,0,0.9869773868517944,1
GWLDVAKKIGKAAFNVAKNFL,37.4,1,0.051647138317835385,0
KKWWKWWKKWWRR,45.3,1,0.03983865080260582,0
ILGKLLSTAAGLLSNL,137.8,0,0.017074521519620557,0
RRRWWWWV,130.0,0,0.038880047774547004,0
GRRKRKWLRRIGKGVKIIGGAALDHL,85.9,1,0.10571747441585215,0
AAAKAALNAVLVGANA,40.0,1,0.049818829877450954,0
GIGKFIHSVKKWGKTFIGEIMNS,56.0,1,0.005407162372985445,0
FFHHIFRGIVHVPKTIHRLVTG,200.3,0,0.0068159637310498235,0
IIPLPLKKFAKKT,500.0,0,0.9618745004908476,1
LALKALLAVAKKIL,256.0,0,0.009970614817051339,0
GLLGPLLKIAAKVGSNLL,140.0,0,0.00548242421269728,0
VNSKKISPKSIKVSK,82.0,1,0.0030493049927725184,0
FLGLLFHGVHHVGKWIHGLIHGHH,5.8,1,0.00683041507827502,0
VNWKKLLGKLLKVVK,71.5,1,0.2597961153127662,0
LVIRTVIAGYNLYRAIKKK,360.0,0,0.084376409948176,0
SLWENFKNAGK,128.0,0,0.002842718307437063,0
GLKKWFKKAVHVGKKVGKVALNAYL,91.2,1,0.022768538668538348,0
ILGKLLSTAWGLLSKL,6.0,1,0.2028733870686827,0
FLGALLKIGAKLLPSVVGLFKKKQQ,61.7,1,0.062231970538394854,0
FAKLWAKLAKKL,693.5,0,0.48808356657841595,0
RKIWWWWL,57.0,1,0.7574671458160962,1
KVLKAAAKAALNAVLVGANA,25.0,1,0.0246507819052355,0
GLWRVIRKVASVIGGL,15.5,1,0.03783841837755442,0
ILGLVISTIGNVLGGLLKNL,61.5,1,0.010724478252022955,0
INWSSIFESVKNLV,101.0,0,0.005491524441654852,0
GVVVRVGRVVVRWVRRRR,90.0,1,0.9475358950913291,1
HFLGKLVNLAKKIL,100.0,1,0.004866390146844935,0
KALAALLKKWAKLLAALK,2.5,1,0.957556187525871,1
GIWKTIKSMGKVFAGAIKQNL,200.0,0,0.01737212821976338,0
FAKLLKLAAKKLL,404.9,0,0.6234775008687191,1
KRAKKFFKKPK,107.0,0,0.07573327857314906,0
KWKLFKKISKFLHLAKKF,100.0,1,0.02607540763409665,0
GILKKILKKILKKL,80.0,1,0.9246934703976084,1
KAACAAKCLWR,160.5,0,0.02141121536404063,0
GVIIDTLKGAAKTVAAELLRKAH,1000.0,0,0.02234322603994583,0
KIAGKIAKIAGKIAKIAGKIAKIAGKIA,0.4,1,0.09976281756520367,0
SMLSVLKKLGKVGLGFVACKINKQC,110.0,0,0.012996051234881937,0
WKKIWSKIKKLLK,500.0,0,0.7538067592171467,1
FLPLLISALTSLFPKLGK,15.0,1,0.020597662973825544,0
GLKEVAHSAKKFAKGFISGLTGS,256.0,0,0.0035312639139500474,0
SKVWRHWRRFWHRAHRKL,500.0,0,0.13991656622909088,0
GIGKFIHAAKKFGKLFIGEIMNS,32.0,1,0.02506774029893673,0
GLLGPLLKIAAKVGKNLL,110.0,0,0.014486211145978384,0
ALWKSILKNVGKAAGKAVLNAVTDMVNQ,128.0,0,0.6712110716953117,1
GIMSSLMKKLAAIIAK,93.0,1,0.06542573356806652,0
CGKKPWWWKCKL,629.7,0,0.005192275865596389,0
FLPMLAGLAANFLPKIVCKITKKC,19.0,1,0.008103348889270648,0
GMASKLAKVLPHVVKLIK,200.0,0,0.005758835997322737,0
NLLNDALGTVNGLLGRS,256.0,0,0.002901042685488343,0
FAKKLAKKLKKLAKKLAKLALAL,19.7,1,0.055992657826555804,0
GLPVCGETCFGGTCNTPGCSCETWPVCSRN,7.52,1,0.002192843991033872,0
VAKLLAKLAKKLL,139.5,0,0.1516441019924891,0
IKIPAFVKDTLKKVAKGVISAVAGALTQ,160.0,0,0.0458522681237031,0
GIKSALLGIAKNVGMSLLQKAQCKLSGSC,49.04,1,0.011648799424911071,0
AMTLRKRKFAWYVLSSSLKWLIKKAKKIGVQVCGFE,2.67,1,0.14133330451641518,0
KLGFENFLVKALKTVMHVPTSPLL,256.0,0,0.026660938769107113,0
KIAKRIWKILRRRL,66.7,1,0.9541386441793411,1
GWKSVFRKAKKVGKTVGGLALDHYL,92.0,1,0.021426952189227237,0
GIKKWVKGVAKGVAKDLAKKIL,200.0,0,0.9451919429054165,1
GWGCNIFGGNDYRCHRHCKSIRGYKGGYCKLGGICKCY,128.3,0,0.003224573056685607,0
VKRWKKWKRKWKKWV,145.8,0,0.5000589154404667,1
FFHHIFRGVVHVGKTIHRLVTG,35.0,1,0.004078341510254546,0
KWKLFKKIEKVGQNIRDGIIKAGPAVAVVGQATQIAK,101.0,0,0.005075152179747986,0
KQKTLKKVWKLSEKVLIFASAFAKKAGAAEATLVL,61.09,1,0.01288761459622563,0
IKIPSFFRNILKKVGKEAVSLIAGALKQS,28.1,1,0.00876698533431097,0
FLAGLIGGLAKML,40.0,1,0.5551926027986198,1
WWWLRRIW,20.0,1,0.8155004135424466,1
GIGAVLWVLTTGLPALISWIKRKRQQ,0.9,1,0.07984615814257649,0
KWCFRVCYRGICYRRCRK,64.0,1,0.8446471592139814,1
FIAAIIGGLFSAGKAIHRLIRRRRR,1.7,1,0.7170464920579519,1
KNWKKIASIGKEVLKAL,101.0,0,0.013983721452252901,0
GLMDTVKNAAKNLAGQMLDKLKCKITGSC,90.0,1,0.006689834191941505,0
HKLGTLVNLAKKIL,500.0,0,0.007505056922364703,0
GIGAVLKVLTTGLPALISWIKFKRQQ,29.1,1,0.08356679871171621,0
GFLSILKKVLP,101.0,0,0.046664028364530104,0
RGGRLCYCRRRFCVCI,40.8,1,0.6621894173642683,1
GILDKLKEFGISAARGVAQSLLNTASCKLAKTC,75.0,1,0.2952839263974525,0
LRFLKKILKKLF,125.0,0,0.30434541753824246,0
AGTKEWLNKAKDFIKEKGLEMLSAAANAALN,150.0,0,0.48936365144516547,0
FAKLLAKALKKLL,13.5,1,0.6539726035696098,1
SMLSVLKNLEKVELEFVACKINKQC,200.0,0,0.002300949535398409,0
KKWMSLLKHILK,133.0,0,0.02154917002442655,0
KRIVQRIKDFLR,80.0,1,0.6667014927246859,1
FWGLKGLKKFSKKL,418.4,0,0.01622657451870532,0
FLSAITSILGKFF,37.5,1,0.3456135710389933,0
FFPIIAGMAAKVICAITKKC,8.0,1,0.16618414124730047,0
ALWKTMLKKLGTMALHAGKAALGAAADTI,101.0,0,0.004140123126585286,0
FLGALIKGAIHGGRFIHGMIQNHH,96.6,1,0.008662081182280021,0
GMWSKILGPLIR,200.0,0,0.023058263476049213,0
KALWKTLLKKVLKA,54.3,1,0.011542870364671694,0
GLPTCGETCFKGKCYTPGCSCSYPICKKN,64.0,1,0.0031936248507389046,0
FKRWVQRWKRFLR,256.0,0,0.4714135417750187,0
RLYRRLYRRLYRRLYRRLYRRLYRRLYRRLYR,48.0,1,0.18788878645243276,0
FAKKLKKLAKKL,694.0,0,0.24268249597065727,0
FIHHIIGGLFSVGKHIHRLIRRRRR,0.8,1,0.8956160562203627,1
IWLLLLKKFWKKW,6.25,1,0.5296301525307865,1
VNWKKVLAKIIKVAK,200.0,0,0.015198685366390638,0
FFFLSRIF,200.0,0,0.7007485924284246,1
GIVKKIVKKIVKKI,1000.0,0,0.9866548018381873,1
IPPFIKKVLTTVF,101.0,0,0.557134755159379,1
WKLFKKILKVL,104.0,0,0.9614834802611842,1
FKDLKKIANIINSIFKK,1000.0,0,0.22509640571727094,0
AGGKRIVKRIKKFLRGAGGKRIVKRIKKFLRG,10.0,1,0.02119108181144979,0
GVIKAAKKVVNVLKNLF,137.2,0,0.2871531872694933,0
KLALKAALKAWKAAAKLA,107.0,0,0.9686478881320972,1
IIKKIIKKIIKK,1000.0,0,0.9428271462193939,1
IKKILSKIKKLWK,500.0,0,0.9803963232507487,1
GFWGKLWEGVKSAI,50.1,1,0.010034558003705315,0
KWKKLLKKLLKLL,10.0,1,0.03791053658961877,0
GLLSLLSALGKLL,19.0,1,0.08531533375736919,0
RVKRVWPLVIRTVIAGYNLYRAI,38.0,1,0.8622492322815438,1
GLNALKKVFQGIHEAIKLINNHVK,380.0,0,0.010895439883450592,0
GIMSSLMKKLAAHIAK,400.0,0,0.041812075604911084,0
YRAWRWAWRWR,331.8,0,0.15168828027261286,0
IKIPAVVKDTLKKVAKGVLSAVAGALTQ,300.0,0,0.012705228057456214,0
GWKDLLKGAAKALVKTVF,40.0,1,0.06158137127300167,0
WKKWWKKWWK,1000.0,0,0.01921403873605921,0
RVCIRVCYRGVCYRRCW,128.0,0,0.9452038641262623,1
GLLSALKALGKLL,36.0,1,0.057002370796750544,0
KRRKLIKILKLIIKLIRKKR,8.0,1,0.9850729530187641,1
GIGAVLVVLTTGLPALISWIKRKRQQ,175.9,0,0.24872717486788193,0
GMATKAGTALGKVAKAVIGAAL,150.0,0,0.013296118201475254,0
GMASKAGAIAGKIAKVALKAL,0.6,1,0.009822117777035264,0
GKILKYLLYLLRKYANLIIR,128.0,0,0.37144814698391987,0
GFWGKLLEGVKKAI,1000.0,0,0.005311257859991578,0
GVVVRVGRVVVRWV,43.0,1,0.10229901026116166,0
GMWSKLLGHLLR,62.0,1,0.7177776137137416,1
GLSLLLSLKLKLL,300.0,0,0.031932955962767726,0
IKPFKFPFKPFRR,115.4,0,0.48500935578990906,0
KLKKLLKKLLKK,332.0,0,0.012262334022223776,0
NLLKSALKTVNKLLAAS,256.0,0,0.04114281233506357,0
QIFKKVKTWYKKAFQILGRL,101.0,0,0.8791855066578187,1
RKDVYRRRRRR,609.0,0,0.0077272094411314565,0
RLMRIFRILKLAR,17.0,1,0.023704146159678263,0
GFIFHIIKGLFHAGKMIHGLV,84.7,1,0.026419789217098165,0
IIPLPLGYFAKKT,300.0,0,0.9630384792925808,1
FLGALWNVAKSLF,12.5,1,0.029373175216187895,0
KLKLKLKLKLKLKLK,1.1,1,0.04120477072965585,0
AAKKGCWTVSIPPKPCF,1000.0,0,0.20746795089392528,0
FLKGIVGMLGKLW,32.0,1,0.026171975227183057,0
FAKLLAKLAK,886.5,0,0.9813739693109808,1
QLIHKIRTWYRKAWHVLGKV,200.0,0,0.9178458634969828,1
FLGALWNVAKRVF,12.5,1,0.007532192310488603,0
KAIAKSILKWIKSIAKAI,1.8,1,0.9357646689071029,1
AILTTLANWARKFL,75.0,1,0.2254348224029143,0
GILSTFKGLAKGVAKDLAGNLLDKFKCKITGC,120.0,0,0.09371464871313986,0
GIKDWIKGAAKKLIKTVASHIANQ,200.0,0,0.02389612880495534,0
CFKFKFKFGSGFKFKFKFC,35.0,1,0.03032996387086546,0
GLNALKKVFQGFHEAIKLINNHVQ,370.0,0,0.005236460400678669,0
FVDLKKIANIINSIFKK,1000.0,0,0.0739196547326442,0
GLADYWRTAFRANFANLGPGIRCKSARC,64.0,1,0.10122916097375467,0
KIPPVVKDTLKKVAKGVLSAVAGALS,512.0,0,0.03649588983069971,0
HLLKKWRTWLRKAWHIVGKV,58.5,1,0.8654570210904617,1
GIMSSLMKKLAAHIKK,400.0,0,0.07049083636058343,0
VKRFKKFFRKFKKSV,160.2,0,0.9899973745323528,1
RRFPWWWPFRR,142.2,0,0.11962564565013722,0
LDVKKIICVACKIRPNPACKKICPK,200.0,0,0.014322201739214169,0
FSVTWRWWKWWKG,266.2,0,0.3557725334449079,0
GLLKRIKKLL,500.0,0,0.9662183736189902,1
WWRLRRIW,200.0,0,0.9701905098128971,1
GFKDLLKGAAKALVKTVKF,500.0,0,0.3710095152447668,0
GFLGILFHGVHHGRKKALHMNSERRS,85.8,1,0.01801269278102773,0
GIPCGESCVFIPCITAAIGCSCKSKVCYRN,8.4,1,0.9396322747748804,1
KLLKKAGKLLKKAGKLLKKAG,101.0,0,0.019736187290183425,0
GLMDVFKGAAKNLLASALDKIRCKVTKC,150.0,0,0.00893896686893311,0
MLLKKLLKKLLKKM,90.0,1,0.3070843247398962,0
KFAKKFAKKFAK,347.2,0,0.6425879701384734,1
GIGKFLKKAKKFGKAFVKMKK,100.0,1,0.03845019524109772,0
LKKVLKAAA,101.0,0,0.8862800719114678,1
GLSLLLSLLLGKL,8.0,1,0.005602168977025039,0
IWLTKALKFLGKNLGK,506.5,0,0.9867688330247475,1
HFLLTLVNLKKKIL,500.0,0,0.1823937859464818,0
RGGRLCYCRRRFCVCY,39.8,1,0.4194349541564435,0
GFMDTAKNVAKNVAVTLIDKLRCKVTGGC,135.0,0,0.9696481501448208,1
GIGKFLHSAGKFGKAFIGEIMKS,180.0,0,0.017663198264640596,0
KKLFKKILKVL,334.0,0,0.9626428684065506,1
FLPLIAGVAASILPKIFCFITKKC,5.0,1,0.07055622660195308,0
ALWKSLLKNVGKAAGKAALNAVTDMVNQ,216.6,0,0.5033288823575026,1
KWASLWNWFNITNWLWYIK,212.0,0,0.920727133321052,1
IWLLLLKKFLKKL,50.0,1,0.08218570344270196,0
SKVGRHLRRFLHRAHRKL,493.92,0,0.14681979481067325,0
ALWKDILKNAGKAALNEINQIVQ,138.1,0,0.005642988903266804,0
FLSLIPKIISAISALINHF,2.766,1,0.4567331590884966,0
KRAKKFFKKLK,7.98,1,0.13574548953072038,0
ILGKIWEGIKSLF,28.5,1,0.12427610595263668,0
FAKKLAKKLL,843.9,0,0.9794145905032094,1
GFKDLLKKAAKALVKTVLF,11.0,1,0.4436095371981347,0
VQWRIRVAVIRK,657.0,0,0.03035233952318208,0
VKWRWKKWRWKWKWKV,131.2,0,0.12036011524269759,0
WKKWWKKW,1000.0,0,0.012827868491262953,0
FLPLLAGLAANFLPKIFCKITRKC,0.4,1,0.05626190571849189,0
FLQHIIGALGHLF,115.0,0,0.050122101760932306,0
KIPKPLKKFAKKT,500.0,0,0.986779331252302,1
LRFLKKALKKLF,125.0,0,0.0805714962488154,0
ILSYLWNGIKSIF,32.8,1,0.8732964816818438,1
GLPVCGETCVGGTCNTPGCTCSWWPVCTRN,14.0,1,0.002120193786134739,0
GMWSKILGHLKR,200.0,0,0.2689134001245576,0
SNWLKLGKKMMSAL,101.0,0,0.012255160701143792,0
GVVDILKGAAKDLAGHLATKVMNKL,400.0,0,0.026010894311741795,0
GYCFTACYLRNGVRICYRRCN,100.0,1,0.04678606849389819,0
FPVTWPTKWRKG,327.2,0,0.5473190594120539,1
FAKLLAKLAKKFAL,630.1,0,0.9575692065236998,1
FAKKLAKLALKLAKL,53.5,1,0.8507754959990808,1
GFLSILKKVLKVMAHMK,22.9,1,0.006830963711113557,0
FFRRFFRR,397.8,0,0.4751876233379468,0
GLLGKLLKIAAKVGSNLL,15.0,1,0.09391851779644353,0
LKWGAILKHIIK,200.0,0,0.34108663386304194,0
GLKEIFKAGLGSLVKGIAAHVAN,210.0,0,0.022015686028238023,0
GLPTCGETCFGGTCNTPGCSCSSWPICTRN,7.7,1,0.0029826146778273305,0
RIGVLLARLPKLFSLFKLMGKKV,35.0,1,0.011243975397146267,0
SLWENFKNAGKKFILNILDKIRCRVAGGCR,58.9,1,0.02357238776385832,0
LKKLLKKLLKKL,1000.0,0,0.050391193625790066,0
RRRRRRRKDVY,609.0,0,0.007342127351247951,0
FLPAALAGIGGILGKLF,44.0,1,0.003170723051541459,0
ALWKTMLKKLGTM,101.0,0,0.03636174963775711,0
FAKLLAKLAKKVL,37.5,1,0.6861502336038342,1
IKKILSKIKKWLK,500.0,0,0.9814008562280575,1
GLLKAIKTLL,147.0,0,0.9738518153149227,1
GIRCPKSWKCKAFKQRVLKRLLAMLRQHAF,7.0,1,0.13932134726670303,0
KIKWILKYWKWS,400.0,0,0.3219662482277726,0
KRIVKRIKKWLR,800.0,0,0.08144058285849537,0
GLLKVIKVLL,28.5,1,0.9841250322036895,1
GFLSILKKVLPKVMAHMK,101.0,0,0.004316937149414385,0
GIFSLFKAGAKFFGKHLLKQAGKAGAEHLACKATNQC,600.0,0,0.003941589535957442,0
LNWGALLKHLLK,63.0,1,0.04077739568967886,0
LLIILRRRWRKQAKAKSK,200.0,0,0.1144097723373196,0
ILGKIWEGIKSIF,34.4,1,0.31652710466557854,0
VNWKKVLPKIIKVAK,200.0,0,0.013676521219055871,0
VGALAGFLYWHFLRKGTKMVGK,10.0,1,0.321678407633601,0
VKRWKKFWRKWKKWW,139.1,0,0.7038262061922698,1
GMASLWAKVLPHVVKLIK,162.5,0,0.009320476134350783,0
RRLFRRILRYL,50.1,1,0.951240559920602,1
FFHHIFRGIVHIGKTIHRLVTG,7.0,1,0.0046582715091261,0
FLPILASLAAKFGPKLFSLVTKKS,75.0,1,0.02953869244383426,0
GLNALKKFFQGIHEAIKLINNHVQ,270.0,0,0.008129037651647655,0
KWKLFKKIEKVGQGIGAVLKVLTTGL,104.2,0,0.009783802024864828,0
FFRRFFRRFFRRFFRR,10.5,1,0.9670615485741948,1
FAKLLAKALKLKL,371.1,0,0.4902105632870383,0
GWGSFFKKAAHVAKHVAKAALTHYL,100.0,1,0.01508373554127602,0
KWKLFKKIGIGAVLKVLTTGLPALKLTK,16.3,1,0.004292948844275767,0
GALRRLGRKITHAVKKYGPTVLRIIRIAG,18.4,1,0.004750965004725478,0
GFKDLLKGAAKALKKTVLF,500.0,0,0.3429107986245435,0
FSISPGKVLDKFGKIVGKVLKQLKKVSAVAKV,28.3,1,0.008479706546977422,0
GLFGKLIKKFGRKAISYAVKKARGKH,6.0,1,0.017431989934499056,0
FLSTIWNGIKGLL,155.6,0,0.9625138805711131,1
GLFDVIRRVASVIGGL,10.9,1,0.00412852270757366,0
GLNALKKVFKGIHEAIKLINNHVQ,240.0,0,0.010990243695583386,0
GCKKWFKKAAHVGKNVGKVALNAYL,92.9,1,0.008000387426201879,0
GLLKFIKKLL,13.57,1,0.9745474925311278,1
GLWSKIKDAAKTAGKAALGFVNEMV,210.0,0,0.08900833601657614,0
GLLRASSKWGRKYYVDLAGCAKA,670.0,0,0.03303299394675428,0
FALAKKALKKAKKAL,604.6,0,0.9442799863829212,1
LNWGKILKHIIK,140.0,0,0.09384731004185068,0
GKLSSLWKKLKKIIAK,400.0,0,0.23132420261318815,0
FFHHIFRPIVHVPKTIHRLVTG,200.3,0,0.013551198997851671,0
GIGGALLSFGKSALKGLAKGLAEHF,25.9,1,0.003914527278702508,0
SAVGRHLRRFGLRKHRKH,452.55,0,0.6559391637527253,1
GIFDVLKNLAKGVITSLAS,98.0,1,0.008954933428537332,0
FPVTWPTKWWKS,314.9,0,0.48570402266286744,0
GLKDWWNKHKDKIVKVVKEMGKAGINAA,11.53,1,0.0027075820654346478,0
YKLLKLLLPKLKGLLPKL,59.1,1,0.2073712941349058,0
KLKLKLKLKLKLKLKLKLKLKLKL,0.3,1,0.040349269476584466,0
LLRRLLRRLLRRLLRR,5.5,1,0.8517895559713674,1
RWFKIQLQIRRWKNKK,64.4,1,0.8962345019718313,1
GILKTIKSIASKVANTVQKLKRKAKNAV,824.0,0,0.011322649125195289,0
GIGKFLHSAKKFGKAFV,101.0,0,0.00421476895317197,0
GKWKKLLKKILK,400.0,0,0.015420249365281708,0
FLPGILKVAAK,381.4,0,0.3816371044462429,0
GLNAFKKVFQGIHEAIKLINNHVQ,440.0,0,0.00517515644665909,0
SMLSVLRNLGKVGLGFVACKINKQC,200.0,0,0.00621228155002363,0
RAVIYKIPYNAIASRWIIAPKKC,200.0,0,0.5234980526876513,1
GLNALKKVFQGIHEAIKLINKHVQ,270.0,0,0.010469573978839075,0
GKIIKVVK,200.0,0,0.9686470527377236,1
WKKILSKIKKLLK,500.0,0,0.7102882093607354,1
FLSLIPKIAGGIAALVKNL,32.0,1,0.9544469534190909,1
RVCSWIPLPICH,260.2,0,0.04282651277337034,0
GVIKAAKKVVKVLKKLF,135.2,0,0.23655585512057753,0
ILPWKWKWWPWRR,182.4,0,0.951064469098705,1
DLWNSIKDMAAAAGRAALNAVTGMVNQ,692.0,0,0.004045888214672262,0
VSAVAKVAMKKGAALLKKMGVKISPLK,361.5,0,0.0052905591146321694,0
RLIKRIKTWYRKAWKVVGKF,200.0,0,0.9696720074591381,1
FDLLGLVKSVVSAL,64.0,1,0.009714826416258454,0
FAKKLAKKLAKLL,501.0,0,0.5761929618500548,1
INWIKIGKKIIASL,185.0,0,0.03869383258205829,0
HFLLTLVNKAKKIL,500.0,0,0.18231094250687674,0
FHAWAKLLKGVGRFFKGIGRW,19.8,1,0.021465360892704618,0
GVWTTILGGLKKFAKGGLEALTNPK,60.0,1,0.017383273842126602,0
FAKKLAKLAKKLLAL,208.2,0,0.8676742291660824,1
ITEVITILLNRLTDRLEK,250.0,0,0.003851581635414789,0
VRRFPWAWPFLRR,65.0,1,0.2898347950371928,0
GVGKFLHSAKKFGQALASEIMKS,200.0,0,0.013136272383165684,0
LLIILRRRWRKQARARSK,200.0,0,0.1786572238002438,0
KWKVFKKIEKMGRNIRNGIVKAGPKWKVFKKIEK,101.0,0,0.009701369733538955,0
RWCFRVCYRGICYRKCR,54.8,1,0.8990482376506048,1
SISCGESCAMISFCFTEVIGCSCKNKVCYLN,55.3,1,0.010924571545205002,0
GKAMSLLKHILK,200.0,0,0.11414395529147776,0
SMLSVLKNLGKVGLGFVASKINKQS,200.0,0,0.0039711274908161565,0
GILSSFKGVAKGVAKDLAGKLLETLK,200.0,0,0.04478922782866153,0
FKAFKAFKAFKAFKAFKAFKAFKA,179.5,0,0.8016552014163041,1
GFKRLVQRLKDFLRNLV,900.0,0,0.4563245918306931,0
FDVMGIIKKIASAL,181.1,0,0.4395878558242872,0
GWASSIGSILGKFAKGGAQAFLQPK,256.0,0,0.22888944914899767,0
LLIILRRRIRKQAHAHSK,200.0,0,0.2239728169596972,0
KIAKVALKALKIAKVALKAL,267.5,0,0.874168869745828,1
RGLRRLGRKIAHGVKKYG,400.0,0,0.01680124651826635,0
KLALKAAAKAWKAAAKAA,200.0,0,0.8044320971501697,1
KRIVKLIKKWLR,800.0,0,0.13575277236389582,0
GILKTIKSIASKVANTVQKLKRKAKNAVA,665.0,0,0.00938082228280473,0
GMLKRIKTLL,400.0,0,0.8885783533173244,1
VRRFAWWWPFLRR,526.0,0,0.8494254769166891,1
GLLKRIKALL,84.3,1,0.9624350070651462,1
RRRWWWWL,60.0,1,0.026199141315811636,0
IKKFKKPFKPFRR,114.6,0,0.7667121247129363,1
RLYRKVYGRLYRKVYGRLYRKVYGRLYRKVYGKKK,610.0,0,0.0388952004194072,0
INWLKLGKKILGAL,45.0,1,0.007905468821207441,0
KWCFRVCYSGICYRRCRG,64.0,1,0.7391476281800473,1
FFGSLLKLLPKLL,49.2,1,0.03417477947154135,0
RWFKIQMQIRRWKNKK,128.0,0,0.014453444984826406,0
KLLKVIKKLL,189.2,0,0.9546832102254118,1
WRRFWRR,500.0,0,0.9379782863718079,1
FLSTALKVAANVVPTLFCKITKKC,150.0,0,0.02337399176522406,0
KRRKLIKILKLIAKLIRKKR,40.0,1,0.8343685229797758,1
GLMSVLKGVLKTAGKHIFKNVGGSLLDQAKCKISGQC,125.0,0,0.005239850962971214,0
GFLSILKKVLGKVMAHMK,41.4,1,0.007188316833992847,0
GFLGSLLKTGLKVGSNLL,150.0,0,0.08627518665667805,0
SIPCGESCVFIPCTVTALLGCSCKSKVCYKN,405.0,0,0.8550605166311375,1
INWLKLGKKILGAI,75.0,1,0.02731836572058203,0
LNLKGLIKKVASLLN,530.3,0,0.011310960660711826,0
FKAFKAFKAFKAFKAFKAFKA,204.9,0,0.8001548620279071,1
RGGRLCYCRRRFCVCVGR,37.1,1,0.9486945781818491,1
LKLLLLKLLKLKLWK,5.0,1,0.8639340062207446,1
KKPFKFPKKPFRR,115.7,0,0.9605030293473797,1
ICYCRRRFCVCVGR,46.2,1,0.015577820356324146,0
AFALIAGALYRIFHRR,187.2,0,0.9756781152362614,1
RFGRFLRKILRFLRK,72.4,1,0.017092718820362802,0
ALWMTLLKKVLK,100.0,1,0.01182672367725697,0
KTKLFKKFAKKLAKKLKKLAKKL,330.0,0,0.5494170716301399,1
FFHHAFRGIVHVGKTIHRLVTG,500.0,0,0.0062172496655852815,0
FVKELWDKVKKMGSAAWSAAKGAFA,250.0,0,0.9110792005963113,1
KIASIGKEVLKAL,101.0,0,0.003958205051949124,0
SAVGRHGRRFGLRKHRKH,300.0,0,0.9392265805060669,1
FVGAIAAALPHVISAIKNAL,120.0,0,0.15541279154259516,0
KLALKLALKAWKAALKLA,11.0,1,0.9779813596347193,1
GFWGKLFKLGLHGIGLLHLHL,26.9,1,0.0030531027419962104,0
KRIVQRIKDWLRKLCKKW,83.5,1,0.9756664716672695,1
IDWSKIFEKVKNLV,100.0,1,0.003020313893440761,0
ILGKLLKTAAGLLSNL,28.0,1,0.09440771185771325,0
FMGSALRIAAKVLPAALCQIFKKC,77.6,1,0.07854309756601778,0
ALWKSLLKNVGKA,512.0,0,0.013308270491304211,0
GLRSKIWLWVLLMIWQESNKFKKM,175.0,0,0.014617491942423977,0
GKVLDKFGKIVGKVLKQLKKVSAVAKV,117.4,0,0.20397041545362674,0
KRLFKELLFSLRKY,59.2,1,0.009378656780895061,0
FKLAFKLAKKAFL,645.2,0,0.8356802057834296,1
SWKSMAKKLKEYMEKLKQRA,51.6,1,0.6965121664267666,1
SAVWRHWRRFWLRKHRKH,500.0,0,0.23678855068623128,0
KIFKKFKDWFKKAFHVLGKV,101.0,0,0.02611840505683844,0
FAVTWATKWWKG,300.0,0,0.22783728013348944,0
VNWKKILAKIIKVAK,66.5,1,0.41525097096778846,0
KWCFRVCYRGICYRRCSG,64.0,1,0.7542886623367729,1
FLPIIAGVAAKVLPKLFCAITKKC,5.0,1,0.01780664890167555,0
FVKLKKILNIINSIFKK,86.99,1,0.8589134307442438,1
IKKILSKIKKWWK,500.0,0,0.9807798766721978,1
KLKKKLKKLLKK,328.7,0,0.008583174591697199,0
ALWKTMLKKLGTMALHAGKAALGAAADTISQGTQ,29.0,1,0.007632340828331538,0
ILGKLLSTWAGLLSNL,39.0,1,0.12521052736104127,0
FRIRVRVAKKFGKAFVGEIM,128.0,0,0.057012298903510804,0
FFGSVLKLIPKIL,124.8,0,0.06103916887526757,0
GKWMSLWKHILK,101.0,0,0.18646210855845552,0
FLPVLAGLTPSIVPKLVCLLTKKC,80.0,1,0.008962291289866,0
SVIWRKLFFIFIKRSGNWIKKVEKRQNLL,10.51,1,0.02732352395330544,0
GIGAVLTTGLPALISWIKRKRQQ,6.5,1,0.1337158486989503,0
WSPQEEDRIIEGGI,123.0,0,0.0024860603936249057,0
GLLPLLSLLGKLL,2.0,1,0.0031063852789890802,0
ENFFKEIERAGQRIRDAIISAAPAVETLAQAQKIIKGGD,115.0,0,0.010627735745479837,0
FLRALWNVAKSVF,12.5,1,0.009799146966902756,0
RFRRLRKKWRKRLKKI,256.0,0,0.9891243971794556,1
GLKLLLKLGLKLL,25.0,1,0.14981543568923217,0
FIHHIIGGLFSAGKAIHSLIHRRRR,17.3,1,0.8976898745333143,1
LRFLRRILRRLL,30.0,1,0.9829831418644032,1
FAKLLAKALKKL,474.8,0,0.9107710976609192,1
KWKVFKKIEKNGRNIRNGIVKAGPAIAVLGEAKAL,26.2,1,0.005655361697061587,0
GFLGPLLKLGLKGAAKLLPQLLPSRQQ,50.0,1,0.006857061759866195,0
WLLKKLLKKW,262.8,0,0.9739019371310518,1
KFAFKFAFKFAFKFAFKFAFKFAFKFAF,144.1,0,0.4779963830680655,0
ASVVNKLTGKVAGLLK,128.0,0,0.2706646992536354,0
WIRRIKKWIRRVHK,256.0,0,0.9763387510748787,1
GLLGPLLKIAAKVGKKLL,60.0,1,0.005601047219692498,0
GLLDTFKNLALNAAKSAGVSVLNSLSCKLSKTC,140.0,0,0.8207696707404721,1
GMASKAGSVLGKITKIALGAL,200.0,0,0.008235317825167673,0
AAGLAMLFLGILSAAGSTMGARA,40.0,1,0.6460091889129417,1
IAKIAGKIAKIAGKIAKIAGKIA,3.1,1,0.45156528824619063,0
GLLKFIKWLL,0.6,1,0.9467525437241822,1
FFHHFARGIVHVGKTIHRLVTG,150.0,0,0.00636402612685479,0
LRILRRLLRRLF,125.0,0,0.9825508297953276,1
RGGRLCYCRGWICFCVGR,38.0,1,0.20856641633318773,0
FFFLPSLIGGLVSAIK,25.0,1,0.0646068401940717,0
FLPILASLAAKFGPKLFCLVTKKC,10.0,1,0.03835171467700673,0
GMFTNMLKGIGKLAGKAALGAVKTLA,76.55,1,0.010194069717736787,0
FWGALAKGALKLIGVGSLFSSFSKKD,11.5,1,0.06346536296896305,0
FLPLILPSIVTALSSFLKQG,82.0,1,0.09413170523429341,0
GVFRRLRKVTRKVLKKIGKVLKWI,128.0,0,0.42372925641114423,0
FLPGLIKAAVGVGSTILCKITKKC,100.0,1,0.012693509622585494,0
LRIVKLILKWLR,22.0,1,0.7195120872112983,1
FLPKILKVAAK,512.0,0,0.9064343218233997,1
GLFDVVKGVLKGVGKNVAGSLLEQLKCKLSGGC,65.4,1,0.7319202390733102,1
IKKWWSKIKKLLK,500.0,0,0.6843465686631524,1
FLSLIPHIASGIASLVKNF,18.6,1,0.018922827305045627,0
GMMKRIKTMM,500.0,0,0.2830009172131205,0
GILSSLLKKLKKWIAK,115.0,0,0.628983139371873,1
FLSLIPKAISAVSALANHF,197.7,0,0.2945027718805156,0
IKKIWSKIKKLWK,500.0,0,0.9770991860370539,1
AGTKEWLNKAKDFIKEKGPGMLSAAANAALN,250.0,0,0.8902029443018069,1
GLWNSIKIAGKKLFVNVLDKIRCKVAGGC,33.03,1,0.00933813260953955,0
GVIIKTLKGAAKTV,1000.0,0,0.28503753355785344,0
GWKDWFRKAKKVGKTVGGLALNHYL,88.4,1,0.011527761872050716,0
FLSLLPHIASGIASLVSKF,15.82,1,0.018159392658991334,0
FLPIALKALGSIFPKIL,107.2,0,0.6639499717040014,1
FWSTIWNAAKSLI,10.6,1,0.9071585769803784,1
KWCFRVCYRGFCYRRCRK,8.4,1,0.7098175572906611,1
RQIKIWFQNRRMKWKK,300.0,0,0.015105965526134866,0
GLLKRIKLLL,68.0,1,0.965750435004989,1
FVKLKKILNIILSIFKK,28.34,1,0.6585144218735969,1
VRRFPAAAPFLRR,65.0,1,0.017396915050164323,0
WKRRIKIWKKIR,256.0,0,0.9789216032789263,1
YWRWRW,556.6,0,0.009341295446025607,0
GLFDIWAWWRWRR,133.5,0,0.6714385535772235,1
FWGALAKGALKLIGPGSLFSSFSKKD,46.6,1,0.027829392614237704,0
SMLSVLKNLKKVGLGFVACKINKQC,200.0,0,0.006036562189973912,0
CGRRPWWWRCRL,115.9,0,0.008747060144969792,0
WLRRIGKGVKIIGGAALDHL,116.5,0,0.026165205813191744,0
SMLSVLKNLGRVGLGFVACKINKQC,200.0,0,0.006545633903939192,0
LLRRLLRRLLRR,301.4,0,0.7295755992352737,1
RIWFQNRRMRWRR,128.0,0,0.17318389786658211,0
IISTIGKLVKWIIKTV,11.0,1,0.6833044859635683,1
LWKIWWKIWRVWKNWR,1.7,1,0.38337531231522803,0
GLLGPLLKIAAKVGSKLL,80.0,1,0.03270662791387604,0
FLPIVAKLLSGLL,39.6,1,0.018418843453202587,0
KLKLKLKLK,225.1,0,0.24775645740159521,0
KWKVLKKKIKMLRNRINGLVKAGPALKVKLQALAL,250.0,0,0.027644526442040428,0
RLYRRLYRRLYRRLYRRLYRRLYRRLYRRLYRKKKKKKK,1000.0,0,0.0415195675001086,0
QLIKKLRTWYRKAWHVLGKL,200.0,0,0.3800361059045159,0
FFHHIFRGKVHVGKTIHRLVTG,4.8,1,0.006158704057755538,0
VNWKKIILGKIIKVVK,200.0,0,0.8164112243823002,1
INWLKLGKKMMSAL,101.0,0,0.00285873945219559,0
VCYCRRRFCVCVGR,46.6,1,0.011732151274154303,0
GFKDLLKGAAKALVKTVLF,200.0,0,0.08042811622312997,0
GVVVRVARVVVRWVRR,80.0,1,0.4228442159452329,0
YKLLKLLLPKLKGLLIKL,13.1,1,0.41700411966524664,0
FFGTALKIAANVLPTAICKILKKC,0.6,1,0.13261776810633497,0
ALWMTLLKKVLKA,19.7,1,0.006832805180483093,0
GLLSALKAAGKLL,50.0,1,0.004278894160524488,0
WKLFKKILKWL,26.0,1,0.9577264036696146,1
WSKILGHLIR,200.0,0,0.9722718194551578,1
GLFDVIKKLLKKIGGL,9.0,1,0.043094835074112214,0
GVVVRVGRVVVRWVRR,94.0,1,0.35808649836184825,0
KLKLKLKLKLKLKLKL,1.0,1,0.10235860396399463,0
FLSAITSLLGKLL,60.0,1,0.24412027771233227,0
FAKLLAKLAKAKG,722.5,0,0.055351051872014535,0
GMATKAGTAFGKAAKAIIGAAL,256.0,0,0.12272790030103216,0
INFLKLGKKILGAL,140.0,0,0.024496723154018286,0
FPLTWLKWWKWKK,267.1,0,0.8164300664003127,1
GIRKWFKKAAHVGKKVGKVALNAYL,91.2,1,0.013769500639761442,0
LKLFKKILKVL,190.0,0,0.9745371304317807,1
FPLTWPTKWWKG,318.1,0,0.774060272632316,1
LCYCRRRFCVCVGR,46.2,1,0.11667776006435063,0
LLKKLLKKC,899.3,0,0.5071313822984588,1
GLPTCGETCFKGKCYTPGCSCSYPICKKD,64.0,1,0.0028566356307963116,0
GLKDIFKAGLGSLVKGIAAHVAN,101.0,0,0.02304647228133733,0
GTLPCGESCVWIPCISSVVGCACKSKVCYKD,10.0,1,0.015434801734478826,0
FRVTWRTKWWKG,600.0,0,0.1366541077353815,0
GKGRWLERIGKAGGIIIGGALDHL,101.9,0,0.007725775375072741,0
GKWLSLLKHILK,65.0,1,0.17455715638925465,0
IWRIFR,256.0,0,0.9646180629337288,1
GMLKRIKTLM,500.0,0,0.880333236018901,1
VNWRRILGRIIRVVR,39.9,1,0.9348529147940446,1
SLWENFKNAGKK,128.0,0,0.0023412653680910567,0
GFKRIVQKIRDFLRNLV,35.0,1,0.33792113175486005,0
AGTKEWLNKAKDFIKEKGLGMLSAAANAALN,300.0,0,0.9415383749322694,1
ILPWKWCWWPCRR,98.8,1,0.02528529053361427,0
FLPIVGKLLSGLL,75.0,1,0.0028340081807788353,0
FLPAIVGAAAKFLPKIFCAISKKC,14.0,1,0.027271000395062122,0
GIGAVLAVLTTGLPALISWIKRKRQQ,1.0,1,0.08332220804035542,0
GKWMKMLKKILK,200.0,0,0.02685348611102078,0
ILCWKWPWCPWRR,33.7,1,0.02360473934245481,0
DSMGAVKLAKLLIDKMKCEVTKAC,150.0,0,0.9513047931767467,1
FLPVIAGVAANFLPKLFCAISKKC,16.0,1,0.019679857446937583,0
ALWKTMLKKLGTMALHAGK,101.0,0,0.41014202301235436,0
GMATAAGTTLGKLAKFVIGAV,160.0,0,0.012265816928328503,0
GIWKKWIKKVVNVLKNLF,26.0,1,0.08880552988187047,0
VRRRRRPR,87.0,1,0.005513545781574585,0
FLPIVGRLISGLL,210.0,0,0.0028723176062853168,0
GLLSNVAGLLKQFAKGGVNAVLNPK,256.0,0,0.4733544278688798,0
FLSLIPKIAGGIAALAKHL,22.8,1,0.7508134966788651,1
YLRLIRYMAKMI,78.2,1,0.4119381123294509,0
GKWQSLLKHILK,200.0,0,0.12853299000916896,0
FLPLLLAGLPSFLCLVFKKC,439.0,0,0.02219146795130641,0
MDFIIDIIKKIVGLFTGK,6.34,1,0.005043863624327826,0
RVKRVWPLVIRTVIA,443.0,0,0.6008363341914917,1
INWKKIFQKVKNLV,100.0,1,0.10530863842479721,0
ILPWKWPWWPWRR,131.5,0,0.9687377405067246,1
QLLKKIRTWYRKAWHVYGKV,200.0,0,0.6434192118725764,1
FLSLALAALPKLFCLIFKKC,4.7,1,0.4637987713516386,0
KWKVFKKIEKMARNIRNKIVK,250.0,0,0.0156384422987381,0
KIAGKIAKIAGKIAKIAGKIA,20.1,1,0.12705653449149207,0
FAKLLAKLAKKAL,173.6,0,0.38730608018519347,0
FLSLIPKAISAISALANHF,34.86,1,0.5022287747675407,1
FFHHIFRAIVHVAKTIHRLVTG,6.0,1,0.059547884865308195,0
IKKIVSKIKKVLK,384.0,0,0.9707557838639458,1
GLMDTIKGVAKNVAASLLEKLKCKVTGC,120.0,0,0.04667555144036377,0
GLMKRIKTML,500.0,0,0.8836757333917007,1
AKVVKKLTKGVAKLLK,128.0,0,0.911426829049186,1
GLFDIWKKWRWRR,133.5,0,0.08479887228783174,0
ILGKIIKVVK,200.0,0,0.978061520464051,1
GLLKRIKILL,99.8,1,0.9789178757136037,1
FKAFKAFKAFKAFKAFKA,236.9,0,0.8375277593260609,1
GLFDKWAWWRWRR,132.4,0,0.2500471373564156,0
